-- phpMyAdmin SQL Dump
-- version 5.2.1
-- https://www.phpmyadmin.net/
--
-- Host: localhost
-- Generation Time: Jun 10, 2023 at 08:38 AM
-- Server version: 8.0.32
-- PHP Version: 8.2.4

SET SQL_MODE = "NO_AUTO_VALUE_ON_ZERO";
START TRANSACTION;
SET time_zone = "+00:00";


/*!40101 SET @OLD_CHARACTER_SET_CLIENT=@@CHARACTER_SET_CLIENT */;
/*!40101 SET @OLD_CHARACTER_SET_RESULTS=@@CHARACTER_SET_RESULTS */;
/*!40101 SET @OLD_COLLATION_CONNECTION=@@COLLATION_CONNECTION */;
/*!40101 SET NAMES utf8mb4 */;

--
-- Database: `ecard`
--

-- --------------------------------------------------------

--
-- Table structure for table `cards`
--

CREATE TABLE `cards` (
  `id` bigint UNSIGNED NOT NULL,
  `user_id` bigint UNSIGNED NOT NULL,
  `card_no` varchar(50) CHARACTER SET utf8mb4 COLLATE utf8mb4_unicode_ci DEFAULT NULL,
  `card_name` varchar(50) CHARACTER SET utf8mb4 COLLATE utf8mb4_unicode_ci DEFAULT NULL,
  `permissions` longtext CHARACTER SET utf8mb4 COLLATE utf8mb4_bin,
  `created_at` timestamp NULL DEFAULT NULL,
  `updated_at` timestamp NULL DEFAULT NULL
) ;

--
-- Dumping data for table `cards`
--

INSERT INTO `cards` (`id`, `user_id`, `card_no`, `card_name`, `permissions`, `created_at`, `updated_at`) VALUES
(1, 1, NULL, 'public', '{\"social\":{\"email\":\"hide\",\"phone\":\"hide\",\"facebook\":\"hide\",\"twiter\":\"hide\",\"instagram\":\"hide\",\"whatsapp\":\"hide\",\"website\":\"hide\",\"github\":\"hide\"},\"job\":\"custom\",\"rating\":\"hide\",\"company\":{\"name\":\"Helo\",\"position\":\"PPO\",\"website\":\"hello.com\",\"phone\":\"0123\",\"email\":null,\"logo\":\"1686351047-company-1-Win10Dark.jpg\"}}', '2023-04-28 15:42:14', '2023-06-09 23:01:26'),
(2, 1, NULL, 'job1', '{\"facebook\":true,\"job\":null,\"phone\":0,\"rating\":1}', '2023-04-28 15:42:14', '2023-04-28 15:42:14'),
(3, 1, NULL, 'voluptatem', '{\"facebook\":true,\"job\":null,\"phone\":1,\"rating\":1}', '2023-04-28 15:42:14', '2023-04-28 15:42:14'),
(4, 2, NULL, 'public', '{\"facebook\":true,\"job\":null,\"phone\":0,\"rating\":1}', '2023-04-28 15:42:14', '2023-04-28 15:42:14'),
(5, 3, NULL, 'public', '{\"facebook\":true,\"job\":null,\"phone\":0,\"rating\":1}', '2023-04-28 15:42:14', '2023-04-28 15:42:14'),
(6, 3, NULL, 'job1', '{\"facebook\":true,\"job\":null,\"phone\":0,\"rating\":1}', '2023-04-28 15:42:14', '2023-04-28 15:42:14'),
(7, 3, NULL, 'job1', '{\"facebook\":true,\"job\":null,\"phone\":1,\"rating\":1}', '2023-04-28 15:42:14', '2023-04-28 15:42:14'),
(8, 4, NULL, 'public', '{\"facebook\":true,\"job\":null,\"phone\":1,\"rating\":1}', '2023-04-28 15:42:14', '2023-04-28 15:42:14'),
(9, 5, NULL, 'public', '{\"facebook\":true,\"job\":null,\"phone\":0,\"rating\":0}', '2023-04-28 15:42:14', '2023-04-28 15:42:14'),
(10, 5, NULL, 'job1', '{\"facebook\":true,\"job\":null,\"phone\":1,\"rating\":0}', '2023-04-28 15:42:14', '2023-04-28 15:42:14'),
(11, 6, NULL, 'public', '{\"facebook\":true,\"job\":null,\"phone\":1,\"rating\":1}', '2023-04-28 15:42:14', '2023-04-28 15:42:14'),
(12, 6, NULL, 'job1', '{\"facebook\":true,\"job\":null,\"phone\":1,\"rating\":1}', '2023-04-28 15:42:14', '2023-04-28 15:42:14'),
(13, 7, NULL, 'public', '{\"facebook\":true,\"job\":null,\"phone\":1,\"rating\":1}', '2023-04-28 15:42:14', '2023-04-28 15:42:14'),
(14, 7, NULL, 'job1', '{\"facebook\":true,\"job\":null,\"phone\":0,\"rating\":0}', '2023-04-28 15:42:14', '2023-04-28 15:42:14'),
(15, 8, NULL, 'public', '{\"facebook\":true,\"job\":null,\"phone\":1,\"rating\":0}', '2023-04-28 15:42:14', '2023-04-28 15:42:14'),
(16, 8, NULL, 'job1', '{\"facebook\":true,\"job\":null,\"phone\":0,\"rating\":1}', '2023-04-28 15:42:14', '2023-04-28 15:42:14'),
(17, 8, NULL, 'job1', '{\"facebook\":true,\"job\":null,\"phone\":0,\"rating\":1}', '2023-04-28 15:42:14', '2023-04-28 15:42:14'),
(18, 9, NULL, 'public', '{\"facebook\":true,\"job\":null,\"phone\":1,\"rating\":0}', '2023-04-28 15:42:14', '2023-04-28 15:42:14'),
(19, 10, NULL, 'public', '{\"facebook\":true,\"job\":null,\"phone\":1,\"rating\":1}', '2023-04-28 15:42:14', '2023-04-28 15:42:14'),
(20, 11, NULL, 'public', '{\"facebook\":true,\"job\":null,\"phone\":0,\"rating\":1}', '2023-04-28 15:42:14', '2023-04-28 15:42:14'),
(21, 12, NULL, 'public', '{\"facebook\":true,\"job\":null,\"phone\":0,\"rating\":0}', '2023-04-28 15:42:15', '2023-04-28 15:42:15'),
(22, 12, NULL, 'job1', '{\"facebook\":true,\"job\":null,\"phone\":0,\"rating\":0}', '2023-04-28 15:42:15', '2023-04-28 15:42:15'),
(23, 12, NULL, 'job1', '{\"facebook\":true,\"job\":null,\"phone\":0,\"rating\":0}', '2023-04-28 15:42:15', '2023-04-28 15:42:15'),
(24, 13, NULL, 'public', '{\"facebook\":true,\"job\":null,\"phone\":1,\"rating\":1}', '2023-04-28 15:42:15', '2023-04-28 15:42:15'),
(25, 13, NULL, 'job1', '{\"facebook\":true,\"job\":null,\"phone\":0,\"rating\":1}', '2023-04-28 15:42:15', '2023-04-28 15:42:15'),
(26, 13, NULL, 'job1', '{\"facebook\":true,\"job\":null,\"phone\":1,\"rating\":0}', '2023-04-28 15:42:15', '2023-04-28 15:42:15'),
(27, 14, NULL, 'public', '{\"facebook\":true,\"job\":null,\"phone\":1,\"rating\":1}', '2023-04-28 15:42:15', '2023-04-28 15:42:15'),
(28, 14, NULL, 'fuga', '{\"facebook\":true,\"job\":null,\"phone\":0,\"rating\":1}', '2023-04-28 15:42:15', '2023-04-28 15:42:15'),
(29, 15, NULL, 'public', '{\"facebook\":true,\"job\":null,\"phone\":0,\"rating\":1}', '2023-04-28 15:42:15', '2023-04-28 15:42:15'),
(30, 15, NULL, 'sit', '{\"facebook\":true,\"job\":null,\"phone\":1,\"rating\":1}', '2023-04-28 15:42:15', '2023-04-28 15:42:15'),
(31, 16, NULL, 'public', '{\"facebook\":true,\"job\":null,\"phone\":1,\"rating\":0}', '2023-04-28 15:42:15', '2023-04-28 15:42:15'),
(32, 17, NULL, 'public', '{\"facebook\":true,\"job\":null,\"phone\":1,\"rating\":1}', '2023-04-28 15:42:15', '2023-04-28 15:42:15'),
(33, 17, NULL, 'job1', '{\"facebook\":true,\"job\":null,\"phone\":0,\"rating\":1}', '2023-04-28 15:42:15', '2023-04-28 15:42:15'),
(34, 18, NULL, 'public', '{\"facebook\":true,\"job\":null,\"phone\":1,\"rating\":0}', '2023-04-28 15:42:15', '2023-04-28 15:42:15'),
(35, 18, NULL, 'job1', '{\"facebook\":true,\"job\":null,\"phone\":0,\"rating\":0}', '2023-04-28 15:42:15', '2023-04-28 15:42:15'),
(36, 19, NULL, 'public', '{\"facebook\":true,\"job\":null,\"phone\":0,\"rating\":1}', '2023-04-28 15:42:15', '2023-04-28 15:42:15'),
(37, 19, NULL, 'job1', '{\"facebook\":true,\"job\":null,\"phone\":0,\"rating\":0}', '2023-04-28 15:42:15', '2023-04-28 15:42:15'),
(38, 19, NULL, 'job1', '{\"facebook\":true,\"job\":null,\"phone\":1,\"rating\":0}', '2023-04-28 15:42:15', '2023-04-28 15:42:15'),
(39, 20, NULL, 'public', '{\"facebook\":true,\"job\":null,\"phone\":1,\"rating\":1}', '2023-04-28 15:42:15', '2023-04-28 15:42:15'),
(40, 20, NULL, 'job1', '{\"facebook\":true,\"job\":null,\"phone\":1,\"rating\":1}', '2023-04-28 15:42:15', '2023-04-28 15:42:15'),
(41, 21, NULL, 'public', '{\"facebook\":true,\"job\":null,\"phone\":0,\"rating\":1}', '2023-04-28 15:42:15', '2023-04-28 15:42:15'),
(42, 21, NULL, 'job1', '{\"facebook\":true,\"job\":null,\"phone\":0,\"rating\":1}', '2023-04-28 15:42:15', '2023-04-28 15:42:15'),
(43, 22, NULL, 'public', '{\"facebook\":true,\"job\":null,\"phone\":1,\"rating\":0}', '2023-04-28 15:42:15', '2023-04-28 15:42:15'),
(44, 22, NULL, 'job1', '{\"facebook\":true,\"job\":null,\"phone\":0,\"rating\":1}', '2023-04-28 15:42:15', '2023-04-28 15:42:15'),
(45, 23, NULL, 'public', '{\"facebook\":true,\"job\":null,\"phone\":1,\"rating\":1}', '2023-04-28 15:42:15', '2023-04-28 15:42:15'),
(46, 23, NULL, 'ut', '{\"facebook\":true,\"job\":null,\"phone\":0,\"rating\":1}', '2023-04-28 15:42:15', '2023-04-28 15:42:15'),
(47, 24, NULL, 'public', '{\"facebook\":true,\"job\":null,\"phone\":1,\"rating\":0}', '2023-04-28 15:42:15', '2023-04-28 15:42:15'),
(48, 24, NULL, 'maiores', '{\"facebook\":true,\"job\":null,\"phone\":0,\"rating\":0}', '2023-04-28 15:42:15', '2023-04-28 15:42:15'),
(49, 25, NULL, 'public', '{\"facebook\":true,\"job\":null,\"phone\":1,\"rating\":1}', '2023-04-28 15:42:15', '2023-04-28 15:42:15'),
(50, 25, NULL, 'job1', '{\"facebook\":true,\"job\":null,\"phone\":1,\"rating\":0}', '2023-04-28 15:42:15', '2023-04-28 15:42:15'),
(51, 25, NULL, 'job1', '{\"facebook\":true,\"job\":null,\"phone\":1,\"rating\":1}', '2023-04-28 15:42:15', '2023-04-28 15:42:15'),
(52, 26, NULL, 'public', '{\"facebook\":true,\"job\":null,\"phone\":0,\"rating\":0}', '2023-04-28 15:42:15', '2023-04-28 15:42:15'),
(53, 27, NULL, 'public', '{\"facebook\":true,\"job\":null,\"phone\":0,\"rating\":1}', '2023-04-28 15:42:15', '2023-04-28 15:42:15'),
(54, 28, NULL, 'public', '{\"facebook\":true,\"job\":null,\"phone\":1,\"rating\":1}', '2023-04-28 15:42:16', '2023-04-28 15:42:16'),
(55, 29, NULL, 'public', '{\"facebook\":true,\"job\":null,\"phone\":0,\"rating\":0}', '2023-04-28 15:42:16', '2023-04-28 15:42:16'),
(56, 30, NULL, 'public', '{\"facebook\":true,\"job\":null,\"phone\":0,\"rating\":1}', '2023-04-28 15:42:16', '2023-04-28 15:42:16'),
(57, 30, NULL, 'job1', '{\"facebook\":true,\"job\":null,\"phone\":1,\"rating\":0}', '2023-04-28 15:42:16', '2023-04-28 15:42:16'),
(58, 31, NULL, 'public', NULL, '2023-06-09 16:44:26', '2023-06-09 16:44:26'),
(59, 32, NULL, 'public', '{\"social\":{\"email\":\"hide\",\"phone\":\"hide\",\"facebook\":\"hide\",\"twiter\":\"hide\",\"instagram\":\"hide\",\"whatsapp\":\"hide\",\"website\":\"hide\",\"github\":\"hide\"},\"job\":\"custom\",\"rating\":\"hide\",\"company\":{\"name\":\"hiilla group\",\"position\":null,\"website\":null,\"phone\":null,\"email\":null}}', '2023-06-09 16:47:22', '2023-06-09 16:58:02');

-- --------------------------------------------------------

--
-- Table structure for table `comments`
--

CREATE TABLE `comments` (
  `id` bigint UNSIGNED NOT NULL,
  `user_id` bigint UNSIGNED NOT NULL,
  `status_id` bigint UNSIGNED NOT NULL,
  `body` text CHARACTER SET utf8mb4 COLLATE utf8mb4_unicode_ci,
  `created_at` timestamp NULL DEFAULT NULL,
  `updated_at` timestamp NULL DEFAULT NULL
) ENGINE=InnoDB DEFAULT CHARSET=utf8mb4 COLLATE=utf8mb4_unicode_ci;

--
-- Dumping data for table `comments`
--

INSERT INTO `comments` (`id`, `user_id`, `status_id`, `body`, `created_at`, `updated_at`) VALUES
(4, 32, 5, 'Oawwwww!!!!!', '2023-06-09 19:17:48', '2023-06-09 19:17:48'),
(5, 1, 5, 'Cool man!! <3', '2023-06-09 19:18:10', '2023-06-09 19:18:10'),
(6, 32, 3, 'No comment', '2023-06-09 20:15:11', '2023-06-09 20:15:11'),
(9, 1, 14, 'Ha HA', '2023-06-10 02:16:15', '2023-06-10 02:16:15'),
(10, 32, 13, 'Oaw', '2023-06-10 02:36:38', '2023-06-10 02:36:38');

-- --------------------------------------------------------

--
-- Table structure for table `failed_jobs`
--

CREATE TABLE `failed_jobs` (
  `id` bigint UNSIGNED NOT NULL,
  `uuid` varchar(255) CHARACTER SET utf8mb4 COLLATE utf8mb4_unicode_ci NOT NULL,
  `connection` text CHARACTER SET utf8mb4 COLLATE utf8mb4_unicode_ci NOT NULL,
  `queue` text CHARACTER SET utf8mb4 COLLATE utf8mb4_unicode_ci NOT NULL,
  `payload` longtext CHARACTER SET utf8mb4 COLLATE utf8mb4_unicode_ci NOT NULL,
  `exception` longtext CHARACTER SET utf8mb4 COLLATE utf8mb4_unicode_ci NOT NULL,
  `failed_at` timestamp NOT NULL DEFAULT CURRENT_TIMESTAMP
) ENGINE=InnoDB DEFAULT CHARSET=utf8mb4 COLLATE=utf8mb4_unicode_ci;

-- --------------------------------------------------------

--
-- Table structure for table `favourites`
--

CREATE TABLE `favourites` (
  `user_id` bigint UNSIGNED NOT NULL,
  `card_id` bigint UNSIGNED NOT NULL,
  `created_at` timestamp NULL DEFAULT NULL,
  `updated_at` timestamp NULL DEFAULT NULL
) ENGINE=InnoDB DEFAULT CHARSET=utf8mb4 COLLATE=utf8mb4_unicode_ci;

--
-- Dumping data for table `favourites`
--

INSERT INTO `favourites` (`user_id`, `card_id`, `created_at`, `updated_at`) VALUES
(1, 24, '2023-06-09 16:14:48', '2023-06-09 16:14:48'),
(1, 26, '2023-04-28 15:42:16', '2023-04-28 15:42:16'),
(1, 27, '2023-04-28 15:42:16', '2023-04-28 15:42:16'),
(1, 57, '2023-04-28 15:42:16', '2023-04-28 15:42:16'),
(1, 59, '2023-06-09 22:59:36', '2023-06-09 22:59:36'),
(2, 10, '2023-04-28 15:42:16', '2023-04-28 15:42:16'),
(2, 34, '2023-04-28 15:42:16', '2023-04-28 15:42:16'),
(2, 45, '2023-04-28 15:42:16', '2023-04-28 15:42:16'),
(3, 1, '2023-04-28 15:42:16', '2023-04-28 15:42:16'),
(3, 3, '2023-04-28 15:42:16', '2023-04-28 15:42:16'),
(3, 11, '2023-04-28 15:42:16', '2023-04-28 15:42:16'),
(3, 19, '2023-04-28 15:42:16', '2023-04-28 15:42:16'),
(3, 25, '2023-04-28 15:42:16', '2023-04-28 15:42:16'),
(3, 36, '2023-04-28 15:42:16', '2023-04-28 15:42:16'),
(3, 40, '2023-04-28 15:42:16', '2023-04-28 15:42:16'),
(4, 21, '2023-04-28 15:42:16', '2023-04-28 15:42:16'),
(4, 29, '2023-04-28 15:42:16', '2023-04-28 15:42:16'),
(4, 33, '2023-04-28 15:42:16', '2023-04-28 15:42:16'),
(4, 38, '2023-04-28 15:42:16', '2023-04-28 15:42:16'),
(5, 6, '2023-04-28 15:42:16', '2023-04-28 15:42:16'),
(5, 8, '2023-04-28 15:42:16', '2023-04-28 15:42:16'),
(5, 15, '2023-04-28 15:42:16', '2023-04-28 15:42:16'),
(5, 30, '2023-04-28 15:42:16', '2023-04-28 15:42:16'),
(5, 36, '2023-04-28 15:42:16', '2023-04-28 15:42:16'),
(5, 43, '2023-04-28 15:42:16', '2023-04-28 15:42:16'),
(5, 50, '2023-04-28 15:42:16', '2023-04-28 15:42:16'),
(6, 2, '2023-04-28 15:42:16', '2023-04-28 15:42:16'),
(6, 3, '2023-04-28 15:42:16', '2023-04-28 15:42:16'),
(6, 23, '2023-04-28 15:42:16', '2023-04-28 15:42:16'),
(6, 30, '2023-04-28 15:42:16', '2023-04-28 15:42:16'),
(6, 55, '2023-04-28 15:42:16', '2023-04-28 15:42:16'),
(6, 56, '2023-04-28 15:42:16', '2023-04-28 15:42:16'),
(7, 1, '2023-04-28 15:42:16', '2023-04-28 15:42:16'),
(7, 7, '2023-04-28 15:42:16', '2023-04-28 15:42:16'),
(7, 32, '2023-04-28 15:42:16', '2023-04-28 15:42:16'),
(7, 38, '2023-04-28 15:42:16', '2023-04-28 15:42:16'),
(7, 43, '2023-04-28 15:42:16', '2023-04-28 15:42:16'),
(7, 44, '2023-04-28 15:42:16', '2023-04-28 15:42:16'),
(7, 51, '2023-04-28 15:42:16', '2023-04-28 15:42:16'),
(8, 1, '2023-04-28 15:42:16', '2023-04-28 15:42:16'),
(8, 5, '2023-04-28 15:42:16', '2023-04-28 15:42:16'),
(8, 10, '2023-04-28 15:42:16', '2023-04-28 15:42:16'),
(8, 16, '2023-04-28 15:42:16', '2023-04-28 15:42:16'),
(8, 17, '2023-04-28 15:42:16', '2023-04-28 15:42:16'),
(8, 55, '2023-04-28 15:42:16', '2023-04-28 15:42:16'),
(9, 17, '2023-04-28 15:42:16', '2023-04-28 15:42:16'),
(9, 22, '2023-04-28 15:42:16', '2023-04-28 15:42:16'),
(10, 43, '2023-04-28 15:42:16', '2023-04-28 15:42:16'),
(10, 55, '2023-04-28 15:42:16', '2023-04-28 15:42:16'),
(11, 14, '2023-04-28 15:42:16', '2023-04-28 15:42:16'),
(11, 24, '2023-04-28 15:42:16', '2023-04-28 15:42:16'),
(11, 51, '2023-04-28 15:42:16', '2023-04-28 15:42:16'),
(11, 57, '2023-04-28 15:42:16', '2023-04-28 15:42:16'),
(12, 18, '2023-04-28 15:42:16', '2023-04-28 15:42:16'),
(12, 35, '2023-04-28 15:42:16', '2023-04-28 15:42:16'),
(12, 44, '2023-04-28 15:42:16', '2023-04-28 15:42:16'),
(13, 8, '2023-04-28 15:42:16', '2023-04-28 15:42:16'),
(13, 14, '2023-04-28 15:42:16', '2023-04-28 15:42:16'),
(13, 16, '2023-04-28 15:42:16', '2023-04-28 15:42:16'),
(13, 20, '2023-04-28 15:42:16', '2023-04-28 15:42:16'),
(13, 29, '2023-04-28 15:42:16', '2023-04-28 15:42:16'),
(13, 38, '2023-04-28 15:42:16', '2023-04-28 15:42:16'),
(13, 43, '2023-04-28 15:42:16', '2023-04-28 15:42:16'),
(13, 52, '2023-04-28 15:42:16', '2023-04-28 15:42:16'),
(14, 2, '2023-04-28 15:42:16', '2023-04-28 15:42:16'),
(14, 28, '2023-04-28 15:42:16', '2023-04-28 15:42:16'),
(14, 36, '2023-04-28 15:42:16', '2023-04-28 15:42:16'),
(14, 38, '2023-04-28 15:42:16', '2023-04-28 15:42:16'),
(14, 41, '2023-04-28 15:42:16', '2023-04-28 15:42:16'),
(14, 46, '2023-04-28 15:42:16', '2023-04-28 15:42:16'),
(15, 37, '2023-04-28 15:42:16', '2023-04-28 15:42:16'),
(15, 42, '2023-04-28 15:42:16', '2023-04-28 15:42:16'),
(16, 6, '2023-04-28 15:42:16', '2023-04-28 15:42:16'),
(16, 12, '2023-04-28 15:42:16', '2023-04-28 15:42:16'),
(16, 13, '2023-04-28 15:42:16', '2023-04-28 15:42:16'),
(16, 28, '2023-04-28 15:42:16', '2023-04-28 15:42:16'),
(16, 34, '2023-04-28 15:42:16', '2023-04-28 15:42:16'),
(16, 55, '2023-04-28 15:42:16', '2023-04-28 15:42:16'),
(17, 21, '2023-04-28 15:42:16', '2023-04-28 15:42:16'),
(17, 24, '2023-04-28 15:42:16', '2023-04-28 15:42:16'),
(17, 45, '2023-04-28 15:42:16', '2023-04-28 15:42:16'),
(17, 54, '2023-04-28 15:42:16', '2023-04-28 15:42:16'),
(18, 1, '2023-04-28 15:42:16', '2023-04-28 15:42:16'),
(18, 6, '2023-04-28 15:42:16', '2023-04-28 15:42:16'),
(18, 48, '2023-04-28 15:42:16', '2023-04-28 15:42:16'),
(18, 55, '2023-04-28 15:42:16', '2023-04-28 15:42:16'),
(19, 17, '2023-04-28 15:42:16', '2023-04-28 15:42:16'),
(19, 38, '2023-04-28 15:42:16', '2023-04-28 15:42:16'),
(19, 56, '2023-04-28 15:42:16', '2023-04-28 15:42:16'),
(20, 19, '2023-04-28 15:42:16', '2023-04-28 15:42:16'),
(20, 29, '2023-04-28 15:42:16', '2023-04-28 15:42:16'),
(20, 37, '2023-04-28 15:42:16', '2023-04-28 15:42:16'),
(20, 43, '2023-04-28 15:42:16', '2023-04-28 15:42:16'),
(20, 45, '2023-04-28 15:42:16', '2023-04-28 15:42:16'),
(20, 49, '2023-04-28 15:42:16', '2023-04-28 15:42:16'),
(21, 15, '2023-04-28 15:42:16', '2023-04-28 15:42:16'),
(21, 18, '2023-04-28 15:42:16', '2023-04-28 15:42:16'),
(21, 23, '2023-04-28 15:42:16', '2023-04-28 15:42:16'),
(21, 48, '2023-04-28 15:42:16', '2023-04-28 15:42:16'),
(21, 56, '2023-04-28 15:42:16', '2023-04-28 15:42:16'),
(22, 4, '2023-04-28 15:42:16', '2023-04-28 15:42:16'),
(22, 9, '2023-04-28 15:42:16', '2023-04-28 15:42:16'),
(22, 35, '2023-04-28 15:42:16', '2023-04-28 15:42:16'),
(22, 42, '2023-04-28 15:42:16', '2023-04-28 15:42:16'),
(22, 57, '2023-04-28 15:42:16', '2023-04-28 15:42:16'),
(23, 6, '2023-04-28 15:42:16', '2023-04-28 15:42:16'),
(23, 8, '2023-04-28 15:42:16', '2023-04-28 15:42:16'),
(23, 10, '2023-04-28 15:42:16', '2023-04-28 15:42:16'),
(23, 14, '2023-04-28 15:42:16', '2023-04-28 15:42:16'),
(23, 22, '2023-04-28 15:42:16', '2023-04-28 15:42:16'),
(23, 31, '2023-04-28 15:42:16', '2023-04-28 15:42:16'),
(23, 35, '2023-04-28 15:42:16', '2023-04-28 15:42:16'),
(24, 4, '2023-04-28 15:42:16', '2023-04-28 15:42:16'),
(24, 5, '2023-04-28 15:42:16', '2023-04-28 15:42:16'),
(24, 8, '2023-04-28 15:42:16', '2023-04-28 15:42:16'),
(24, 9, '2023-04-28 15:42:16', '2023-04-28 15:42:16'),
(24, 22, '2023-04-28 15:42:16', '2023-04-28 15:42:16'),
(24, 25, '2023-04-28 15:42:16', '2023-04-28 15:42:16'),
(24, 45, '2023-04-28 15:42:16', '2023-04-28 15:42:16'),
(24, 47, '2023-04-28 15:42:16', '2023-04-28 15:42:16'),
(24, 50, '2023-04-28 15:42:16', '2023-04-28 15:42:16'),
(25, 11, '2023-04-28 15:42:16', '2023-04-28 15:42:16'),
(25, 17, '2023-04-28 15:42:16', '2023-04-28 15:42:16'),
(25, 31, '2023-04-28 15:42:16', '2023-04-28 15:42:16'),
(25, 45, '2023-04-28 15:42:16', '2023-04-28 15:42:16'),
(26, 6, '2023-04-28 15:42:16', '2023-04-28 15:42:16'),
(26, 42, '2023-04-28 15:42:16', '2023-04-28 15:42:16'),
(27, 17, '2023-04-28 15:42:16', '2023-04-28 15:42:16'),
(27, 48, '2023-04-28 15:42:16', '2023-04-28 15:42:16'),
(28, 13, '2023-04-28 15:42:16', '2023-04-28 15:42:16'),
(28, 19, '2023-04-28 15:42:16', '2023-04-28 15:42:16'),
(28, 25, '2023-04-28 15:42:16', '2023-04-28 15:42:16'),
(28, 47, '2023-04-28 15:42:16', '2023-04-28 15:42:16'),
(28, 53, '2023-04-28 15:42:16', '2023-04-28 15:42:16'),
(29, 11, '2023-04-28 15:42:16', '2023-04-28 15:42:16'),
(29, 53, '2023-04-28 15:42:16', '2023-04-28 15:42:16'),
(30, 21, '2023-04-28 15:42:16', '2023-04-28 15:42:16'),
(30, 23, '2023-04-28 15:42:16', '2023-04-28 15:42:16'),
(30, 24, '2023-04-28 15:42:16', '2023-04-28 15:42:16'),
(30, 31, '2023-04-28 15:42:16', '2023-04-28 15:42:16'),
(30, 39, '2023-04-28 15:42:16', '2023-04-28 15:42:16'),
(30, 53, '2023-04-28 15:42:16', '2023-04-28 15:42:16'),
(30, 56, '2023-04-28 15:42:16', '2023-04-28 15:42:16'),
(32, 1, '2023-06-09 16:48:01', '2023-06-09 16:48:01'),
(32, 24, '2023-06-09 17:07:45', '2023-06-09 17:07:45');

-- --------------------------------------------------------

--
-- Table structure for table `follows`
--

CREATE TABLE `follows` (
  `card_id` bigint UNSIGNED NOT NULL,
  `follow_id` bigint UNSIGNED NOT NULL,
  `is_accepted` tinyint(1) NOT NULL DEFAULT '1',
  `created_at` timestamp NULL DEFAULT NULL,
  `updated_at` timestamp NULL DEFAULT NULL
) ENGINE=InnoDB DEFAULT CHARSET=utf8mb4 COLLATE=utf8mb4_unicode_ci;

--
-- Dumping data for table `follows`
--

INSERT INTO `follows` (`card_id`, `follow_id`, `is_accepted`, `created_at`, `updated_at`) VALUES
(1, 12, 1, '2023-04-28 15:42:16', '2023-04-28 15:42:16'),
(1, 14, 1, '2023-04-28 15:42:16', '2023-04-28 15:42:16'),
(1, 18, 1, '2023-04-28 15:42:16', '2023-04-28 15:42:16'),
(1, 32, 1, '2023-06-09 16:47:59', '2023-06-09 16:47:59'),
(2, 23, 1, '2023-04-28 15:42:16', '2023-04-28 15:42:16'),
(2, 24, 1, '2023-04-28 15:42:16', '2023-04-28 15:42:16'),
(2, 25, 1, '2023-04-28 15:42:16', '2023-04-28 15:42:16'),
(3, 11, 1, '2023-04-28 15:42:16', '2023-04-28 15:42:16'),
(3, 14, 0, '2023-04-28 15:42:16', '2023-04-28 15:42:16'),
(4, 3, 1, '2023-04-28 15:42:16', '2023-04-28 15:42:16'),
(4, 10, 1, '2023-04-28 15:42:16', '2023-04-28 15:42:16'),
(4, 19, 0, '2023-04-28 15:42:16', '2023-04-28 15:42:16'),
(5, 15, 1, '2023-04-28 15:42:16', '2023-04-28 15:42:16'),
(5, 18, 1, '2023-04-28 15:42:16', '2023-04-28 15:42:16'),
(5, 19, 1, '2023-04-28 15:42:16', '2023-04-28 15:42:16'),
(5, 27, 1, '2023-04-28 15:42:16', '2023-04-28 15:42:16'),
(6, 5, 1, '2023-04-28 15:42:16', '2023-04-28 15:42:16'),
(6, 9, 1, '2023-04-28 15:42:16', '2023-04-28 15:42:16'),
(6, 10, 1, '2023-04-28 15:42:16', '2023-04-28 15:42:16'),
(7, 17, 0, '2023-04-28 15:42:16', '2023-04-28 15:42:16'),
(7, 21, 1, '2023-04-28 15:42:16', '2023-04-28 15:42:16'),
(8, 1, 1, '2023-04-28 15:42:16', '2023-04-28 15:42:16'),
(8, 5, 1, '2023-04-28 15:42:16', '2023-04-28 15:42:16'),
(8, 29, 1, '2023-04-28 15:42:16', '2023-04-28 15:42:16'),
(8, 30, 1, '2023-04-28 15:42:16', '2023-04-28 15:42:16'),
(9, 10, 1, '2023-04-28 15:42:16', '2023-04-28 15:42:16'),
(9, 24, 1, '2023-04-28 15:42:16', '2023-04-28 15:42:16'),
(9, 28, 1, '2023-04-28 15:42:16', '2023-04-28 15:42:16'),
(10, 11, 1, '2023-04-28 15:42:16', '2023-04-28 15:42:16'),
(10, 12, 1, '2023-04-28 15:42:16', '2023-04-28 15:42:16'),
(11, 1, 1, '2023-04-28 15:42:16', '2023-04-28 15:42:16'),
(11, 9, 1, '2023-04-28 15:42:16', '2023-04-28 15:42:16'),
(11, 10, 1, '2023-04-28 15:42:16', '2023-04-28 15:42:16'),
(11, 19, 1, '2023-04-28 15:42:16', '2023-04-28 15:42:16'),
(12, 30, 1, '2023-04-28 15:42:16', '2023-04-28 15:42:16'),
(13, 3, 1, '2023-04-28 15:42:16', '2023-04-28 15:42:16'),
(13, 27, 1, '2023-04-28 15:42:16', '2023-04-28 15:42:16'),
(14, 20, 1, '2023-04-28 15:42:16', '2023-04-28 15:42:16'),
(14, 24, 0, '2023-04-28 15:42:16', '2023-04-28 15:42:16'),
(14, 25, 1, '2023-04-28 15:42:16', '2023-04-28 15:42:16'),
(14, 30, 1, '2023-04-28 15:42:16', '2023-04-28 15:42:16'),
(15, 11, 1, '2023-04-28 15:42:16', '2023-04-28 15:42:16'),
(16, 7, 1, '2023-04-28 15:42:16', '2023-04-28 15:42:16'),
(16, 27, 1, '2023-04-28 15:42:16', '2023-04-28 15:42:16'),
(16, 29, 1, '2023-04-28 15:42:16', '2023-04-28 15:42:16'),
(17, 11, 1, '2023-04-28 15:42:16', '2023-04-28 15:42:16'),
(17, 14, 1, '2023-04-28 15:42:16', '2023-04-28 15:42:16'),
(17, 21, 1, '2023-04-28 15:42:16', '2023-04-28 15:42:16'),
(18, 18, 1, '2023-04-28 15:42:16', '2023-04-28 15:42:16'),
(18, 30, 1, '2023-04-28 15:42:16', '2023-04-28 15:42:16'),
(19, 5, 1, '2023-04-28 15:42:16', '2023-04-28 15:42:16'),
(19, 6, 1, '2023-04-28 15:42:16', '2023-04-28 15:42:16'),
(19, 24, 1, '2023-04-28 15:42:16', '2023-04-28 15:42:16'),
(19, 27, 0, '2023-04-28 15:42:16', '2023-04-28 15:42:16'),
(20, 9, 1, '2023-04-28 15:42:16', '2023-04-28 15:42:16'),
(20, 16, 1, '2023-04-28 15:42:16', '2023-04-28 15:42:16'),
(20, 18, 1, '2023-04-28 15:42:16', '2023-04-28 15:42:16'),
(21, 22, 1, '2023-04-28 15:42:16', '2023-04-28 15:42:16'),
(22, 11, 1, '2023-04-28 15:42:16', '2023-04-28 15:42:16'),
(22, 12, 1, '2023-04-28 15:42:16', '2023-04-28 15:42:16'),
(23, 5, 1, '2023-04-28 15:42:16', '2023-04-28 15:42:16'),
(24, 1, 1, '2023-06-09 16:14:44', '2023-06-09 16:14:44'),
(24, 12, 1, '2023-04-28 15:42:16', '2023-04-28 15:42:16'),
(24, 14, 1, '2023-04-28 15:42:16', '2023-04-28 15:42:16'),
(24, 15, 1, '2023-04-28 15:42:16', '2023-04-28 15:42:16'),
(24, 26, 1, '2023-04-28 15:42:16', '2023-04-28 15:42:16'),
(24, 32, 1, '2023-06-09 17:07:47', '2023-06-09 17:07:47'),
(25, 14, 1, '2023-04-28 15:42:16', '2023-04-28 15:42:16'),
(26, 2, 1, '2023-04-28 15:42:16', '2023-04-28 15:42:16'),
(26, 4, 1, '2023-04-28 15:42:16', '2023-04-28 15:42:16'),
(27, 10, 1, '2023-04-28 15:42:16', '2023-04-28 15:42:16'),
(28, 6, 1, '2023-04-28 15:42:16', '2023-04-28 15:42:16'),
(28, 15, 1, '2023-04-28 15:42:16', '2023-04-28 15:42:16'),
(28, 16, 1, '2023-04-28 15:42:16', '2023-04-28 15:42:16'),
(28, 17, 1, '2023-04-28 15:42:16', '2023-04-28 15:42:16'),
(29, 4, 1, '2023-04-28 15:42:16', '2023-04-28 15:42:16'),
(29, 24, 1, '2023-04-28 15:42:16', '2023-04-28 15:42:16'),
(30, 23, 1, '2023-04-28 15:42:16', '2023-04-28 15:42:16'),
(31, 9, 1, '2023-04-28 15:42:16', '2023-04-28 15:42:16'),
(31, 14, 0, '2023-04-28 15:42:16', '2023-04-28 15:42:16'),
(31, 20, 1, '2023-04-28 15:42:16', '2023-04-28 15:42:16'),
(31, 27, 1, '2023-04-28 15:42:16', '2023-04-28 15:42:16'),
(32, 5, 1, '2023-04-28 15:42:16', '2023-04-28 15:42:16'),
(32, 10, 0, '2023-04-28 15:42:16', '2023-04-28 15:42:16'),
(33, 1, 1, '2023-04-28 15:42:16', '2023-04-28 15:42:16'),
(33, 2, 1, '2023-04-28 15:42:16', '2023-04-28 15:42:16'),
(33, 17, 1, '2023-04-28 15:42:16', '2023-04-28 15:42:16'),
(34, 4, 1, '2023-04-28 15:42:16', '2023-04-28 15:42:16'),
(34, 19, 1, '2023-04-28 15:42:16', '2023-04-28 15:42:16'),
(34, 23, 1, '2023-04-28 15:42:16', '2023-04-28 15:42:16'),
(35, 19, 0, '2023-04-28 15:42:16', '2023-04-28 15:42:16'),
(35, 24, 1, '2023-04-28 15:42:16', '2023-04-28 15:42:16'),
(36, 2, 0, '2023-04-28 15:42:16', '2023-04-28 15:42:16'),
(36, 25, 1, '2023-04-28 15:42:16', '2023-04-28 15:42:16'),
(36, 28, 1, '2023-04-28 15:42:16', '2023-04-28 15:42:16'),
(37, 9, 1, '2023-04-28 15:42:16', '2023-04-28 15:42:16'),
(37, 14, 1, '2023-04-28 15:42:16', '2023-04-28 15:42:16'),
(38, 9, 1, '2023-04-28 15:42:16', '2023-04-28 15:42:16'),
(38, 23, 1, '2023-04-28 15:42:16', '2023-04-28 15:42:16'),
(39, 4, 1, '2023-04-28 15:42:16', '2023-04-28 15:42:16'),
(39, 5, 1, '2023-04-28 15:42:16', '2023-04-28 15:42:16'),
(39, 20, 1, '2023-04-28 15:42:16', '2023-04-28 15:42:16'),
(40, 6, 1, '2023-04-28 15:42:16', '2023-04-28 15:42:16'),
(40, 23, 1, '2023-04-28 15:42:16', '2023-04-28 15:42:16'),
(40, 25, 1, '2023-04-28 15:42:16', '2023-04-28 15:42:16'),
(41, 18, 1, '2023-04-28 15:42:16', '2023-04-28 15:42:16'),
(41, 21, 1, '2023-04-28 15:42:16', '2023-04-28 15:42:16'),
(41, 25, 1, '2023-04-28 15:42:16', '2023-04-28 15:42:16'),
(42, 12, 1, '2023-04-28 15:42:16', '2023-04-28 15:42:16'),
(42, 13, 1, '2023-04-28 15:42:16', '2023-04-28 15:42:16'),
(42, 22, 1, '2023-04-28 15:42:16', '2023-04-28 15:42:16'),
(42, 27, 1, '2023-04-28 15:42:16', '2023-04-28 15:42:16'),
(43, 11, 1, '2023-04-28 15:42:16', '2023-04-28 15:42:16'),
(43, 13, 1, '2023-04-28 15:42:16', '2023-04-28 15:42:16'),
(43, 19, 1, '2023-04-28 15:42:16', '2023-04-28 15:42:16'),
(43, 20, 1, '2023-04-28 15:42:16', '2023-04-28 15:42:16'),
(44, 3, 1, '2023-04-28 15:42:16', '2023-04-28 15:42:16'),
(44, 10, 1, '2023-04-28 15:42:16', '2023-04-28 15:42:16'),
(44, 16, 1, '2023-04-28 15:42:16', '2023-04-28 15:42:16'),
(45, 23, 0, '2023-04-28 15:42:16', '2023-04-28 15:42:16'),
(46, 25, 1, '2023-04-28 15:42:16', '2023-04-28 15:42:16'),
(46, 30, 1, '2023-04-28 15:42:16', '2023-04-28 15:42:16'),
(47, 5, 1, '2023-04-28 15:42:16', '2023-04-28 15:42:16'),
(47, 15, 1, '2023-04-28 15:42:16', '2023-04-28 15:42:16'),
(48, 10, 1, '2023-04-28 15:42:16', '2023-04-28 15:42:16'),
(48, 15, 1, '2023-04-28 15:42:16', '2023-04-28 15:42:16'),
(48, 27, 0, '2023-04-28 15:42:16', '2023-04-28 15:42:16'),
(48, 30, 1, '2023-04-28 15:42:16', '2023-04-28 15:42:16'),
(49, 10, 1, '2023-04-28 15:42:16', '2023-04-28 15:42:16'),
(49, 14, 1, '2023-04-28 15:42:16', '2023-04-28 15:42:16'),
(49, 18, 1, '2023-04-28 15:42:16', '2023-04-28 15:42:16'),
(49, 28, 1, '2023-04-28 15:42:16', '2023-04-28 15:42:16'),
(50, 3, 0, '2023-04-28 15:42:16', '2023-04-28 15:42:16'),
(50, 14, 1, '2023-04-28 15:42:16', '2023-04-28 15:42:16'),
(51, 4, 1, '2023-04-28 15:42:16', '2023-04-28 15:42:16'),
(51, 6, 1, '2023-04-28 15:42:16', '2023-04-28 15:42:16'),
(51, 15, 0, '2023-04-28 15:42:16', '2023-04-28 15:42:16'),
(52, 1, 0, '2023-04-28 15:42:16', '2023-04-28 15:42:16'),
(53, 10, 0, '2023-04-28 15:42:16', '2023-04-28 15:42:16'),
(54, 25, 1, '2023-04-28 15:42:16', '2023-04-28 15:42:16'),
(55, 1, 0, '2023-04-28 15:42:16', '2023-04-28 15:42:16'),
(55, 9, 1, '2023-04-28 15:42:16', '2023-04-28 15:42:16'),
(55, 12, 1, '2023-04-28 15:42:16', '2023-04-28 15:42:16'),
(55, 13, 1, '2023-04-28 15:42:16', '2023-04-28 15:42:16'),
(56, 28, 1, '2023-04-28 15:42:16', '2023-04-28 15:42:16'),
(57, 9, 1, '2023-04-28 15:42:16', '2023-04-28 15:42:16'),
(57, 10, 1, '2023-04-28 15:42:16', '2023-04-28 15:42:16'),
(57, 15, 1, '2023-04-28 15:42:16', '2023-04-28 15:42:16'),
(57, 17, 1, '2023-04-28 15:42:16', '2023-04-28 15:42:16'),
(59, 1, 1, '2023-06-09 22:58:33', '2023-06-09 22:58:33');

-- --------------------------------------------------------

--
-- Table structure for table `images`
--

CREATE TABLE `images` (
  `id` bigint UNSIGNED NOT NULL,
  `belongs` varchar(4) CHARACTER SET utf8mb4 COLLATE utf8mb4_unicode_ci NOT NULL COMMENT 'USR/CMT',
  `belongs_id` bigint NOT NULL COMMENT 'Points the id of the owner',
  `name` text CHARACTER SET utf8mb4 COLLATE utf8mb4_unicode_ci NOT NULL,
  `created_at` timestamp NULL DEFAULT NULL,
  `updated_at` timestamp NULL DEFAULT NULL
) ENGINE=InnoDB DEFAULT CHARSET=utf8mb4 COLLATE=utf8mb4_unicode_ci;

--
-- Dumping data for table `images`
--

INSERT INTO `images` (`id`, `belongs`, `belongs_id`, `name`, `created_at`, `updated_at`) VALUES
(1, 'USR', 1, '1686348818-usr-1-Win10LogoGlow.jpg', '2023-06-09 16:13:38', '2023-06-09 16:13:38'),
(2, 'USR', 32, '1686357395-usr-32-2387598.png', '2023-06-09 18:36:35', '2023-06-09 18:36:35'),
(3, 'STA', 9, '1686376343-sta-1-2020-12-30-5fec140edf20b.png', '2023-06-09 23:52:23', '2023-06-09 23:52:23'),
(4, 'STA', 10, '1686377143-sta-1-banner-av_1920x860.jpeg', '2023-06-10 00:05:43', '2023-06-10 00:05:43'),
(6, 'STA', 14, '1686385764-sta-1-apex.jpeg', '2023-06-10 02:29:13', '2023-06-10 02:29:24'),
(7, 'STA', 13, '1686386104-sta-1-mangoes-chopped-and-fresh.jpg', '2023-06-10 02:35:04', '2023-06-10 02:35:04');

-- --------------------------------------------------------

--
-- Table structure for table `migrations`
--

CREATE TABLE `migrations` (
  `id` int UNSIGNED NOT NULL,
  `migration` varchar(255) CHARACTER SET utf8mb4 COLLATE utf8mb4_unicode_ci NOT NULL,
  `batch` int NOT NULL
) ENGINE=InnoDB DEFAULT CHARSET=utf8mb4 COLLATE=utf8mb4_unicode_ci;

--
-- Dumping data for table `migrations`
--

INSERT INTO `migrations` (`id`, `migration`, `batch`) VALUES
(1, '2014_10_12_000000_create_users_table', 1),
(2, '2014_10_12_100000_create_password_resets_table', 1),
(3, '2019_08_19_000000_create_failed_jobs_table', 1),
(4, '2021_08_17_132127_create_socials_table', 1),
(5, '2021_08_23_123940_create_cards_table', 1),
(6, '2021_08_23_123941_create_favourites_table', 1),
(7, '2021_08_23_131059_create_follows_table', 1),
(8, '2021_08_25_094326_create_images_table', 1),
(9, '2016_06_01_000001_create_oauth_auth_codes_table', 2),
(10, '2016_06_01_000002_create_oauth_access_tokens_table', 2),
(11, '2016_06_01_000003_create_oauth_refresh_tokens_table', 2),
(12, '2016_06_01_000004_create_oauth_clients_table', 2),
(13, '2016_06_01_000005_create_oauth_personal_access_clients_table', 2),
(15, '2021_08_25_211752_create_ratings_table', 3),
(16, '2021_08_29_222216_create_variables_table', 4),
(17, '2014_10_12_100000_create_password_reset_tokens_table', 5),
(18, '2019_12_14_000001_create_personal_access_tokens_table', 5),
(19, '2023_06_09_230944_create_status_table', 5),
(20, '2023_06_09_231847_create_comments_table', 5),
(21, '2023_06_10_012246_create_status_likes_table', 6),
(22, '2023_06_10_064501_create_status_tags_table', 7);

-- --------------------------------------------------------

--
-- Table structure for table `oauth_access_tokens`
--

CREATE TABLE `oauth_access_tokens` (
  `id` varchar(100) CHARACTER SET utf8mb4 COLLATE utf8mb4_unicode_ci NOT NULL,
  `user_id` bigint UNSIGNED DEFAULT NULL,
  `client_id` bigint UNSIGNED NOT NULL,
  `name` varchar(255) CHARACTER SET utf8mb4 COLLATE utf8mb4_unicode_ci DEFAULT NULL,
  `scopes` text CHARACTER SET utf8mb4 COLLATE utf8mb4_unicode_ci,
  `revoked` tinyint(1) NOT NULL,
  `created_at` timestamp NULL DEFAULT NULL,
  `updated_at` timestamp NULL DEFAULT NULL,
  `expires_at` datetime DEFAULT NULL
) ENGINE=InnoDB DEFAULT CHARSET=utf8mb4 COLLATE=utf8mb4_unicode_ci;

-- --------------------------------------------------------

--
-- Table structure for table `oauth_auth_codes`
--

CREATE TABLE `oauth_auth_codes` (
  `id` varchar(100) CHARACTER SET utf8mb4 COLLATE utf8mb4_unicode_ci NOT NULL,
  `user_id` bigint UNSIGNED NOT NULL,
  `client_id` bigint UNSIGNED NOT NULL,
  `scopes` text CHARACTER SET utf8mb4 COLLATE utf8mb4_unicode_ci,
  `revoked` tinyint(1) NOT NULL,
  `expires_at` datetime DEFAULT NULL
) ENGINE=InnoDB DEFAULT CHARSET=utf8mb4 COLLATE=utf8mb4_unicode_ci;

-- --------------------------------------------------------

--
-- Table structure for table `oauth_clients`
--

CREATE TABLE `oauth_clients` (
  `id` bigint UNSIGNED NOT NULL,
  `user_id` bigint UNSIGNED DEFAULT NULL,
  `name` varchar(255) CHARACTER SET utf8mb4 COLLATE utf8mb4_unicode_ci NOT NULL,
  `secret` varchar(100) CHARACTER SET utf8mb4 COLLATE utf8mb4_unicode_ci DEFAULT NULL,
  `provider` varchar(255) CHARACTER SET utf8mb4 COLLATE utf8mb4_unicode_ci DEFAULT NULL,
  `redirect` text CHARACTER SET utf8mb4 COLLATE utf8mb4_unicode_ci NOT NULL,
  `personal_access_client` tinyint(1) NOT NULL,
  `password_client` tinyint(1) NOT NULL,
  `revoked` tinyint(1) NOT NULL,
  `created_at` timestamp NULL DEFAULT NULL,
  `updated_at` timestamp NULL DEFAULT NULL
) ENGINE=InnoDB DEFAULT CHARSET=utf8mb4 COLLATE=utf8mb4_unicode_ci;

-- --------------------------------------------------------

--
-- Table structure for table `oauth_personal_access_clients`
--

CREATE TABLE `oauth_personal_access_clients` (
  `id` bigint UNSIGNED NOT NULL,
  `client_id` bigint UNSIGNED NOT NULL,
  `created_at` timestamp NULL DEFAULT NULL,
  `updated_at` timestamp NULL DEFAULT NULL
) ENGINE=InnoDB DEFAULT CHARSET=utf8mb4 COLLATE=utf8mb4_unicode_ci;

-- --------------------------------------------------------

--
-- Table structure for table `oauth_refresh_tokens`
--

CREATE TABLE `oauth_refresh_tokens` (
  `id` varchar(100) CHARACTER SET utf8mb4 COLLATE utf8mb4_unicode_ci NOT NULL,
  `access_token_id` varchar(100) CHARACTER SET utf8mb4 COLLATE utf8mb4_unicode_ci NOT NULL,
  `revoked` tinyint(1) NOT NULL,
  `expires_at` datetime DEFAULT NULL
) ENGINE=InnoDB DEFAULT CHARSET=utf8mb4 COLLATE=utf8mb4_unicode_ci;

-- --------------------------------------------------------

--
-- Table structure for table `password_resets`
--

CREATE TABLE `password_resets` (
  `email` varchar(255) CHARACTER SET utf8mb4 COLLATE utf8mb4_unicode_ci NOT NULL,
  `token` varchar(255) CHARACTER SET utf8mb4 COLLATE utf8mb4_unicode_ci NOT NULL,
  `created_at` timestamp NULL DEFAULT NULL
) ENGINE=InnoDB DEFAULT CHARSET=utf8mb4 COLLATE=utf8mb4_unicode_ci;

-- --------------------------------------------------------

--
-- Table structure for table `password_reset_tokens`
--

CREATE TABLE `password_reset_tokens` (
  `email` varchar(255) CHARACTER SET utf8mb4 COLLATE utf8mb4_unicode_ci NOT NULL,
  `token` varchar(255) CHARACTER SET utf8mb4 COLLATE utf8mb4_unicode_ci NOT NULL,
  `created_at` timestamp NULL DEFAULT NULL
) ENGINE=InnoDB DEFAULT CHARSET=utf8mb4 COLLATE=utf8mb4_unicode_ci;

-- --------------------------------------------------------

--
-- Table structure for table `personal_access_tokens`
--

CREATE TABLE `personal_access_tokens` (
  `id` bigint UNSIGNED NOT NULL,
  `tokenable_type` varchar(255) CHARACTER SET utf8mb4 COLLATE utf8mb4_unicode_ci NOT NULL,
  `tokenable_id` bigint UNSIGNED NOT NULL,
  `name` varchar(255) CHARACTER SET utf8mb4 COLLATE utf8mb4_unicode_ci NOT NULL,
  `token` varchar(64) CHARACTER SET utf8mb4 COLLATE utf8mb4_unicode_ci NOT NULL,
  `abilities` text CHARACTER SET utf8mb4 COLLATE utf8mb4_unicode_ci,
  `last_used_at` timestamp NULL DEFAULT NULL,
  `expires_at` timestamp NULL DEFAULT NULL,
  `created_at` timestamp NULL DEFAULT NULL,
  `updated_at` timestamp NULL DEFAULT NULL
) ENGINE=InnoDB DEFAULT CHARSET=utf8mb4 COLLATE=utf8mb4_unicode_ci;

-- --------------------------------------------------------

--
-- Table structure for table `ratings`
--

CREATE TABLE `ratings` (
  `id` bigint UNSIGNED NOT NULL,
  `from_id` bigint UNSIGNED NOT NULL,
  `to_id` bigint UNSIGNED NOT NULL,
  `rating` int UNSIGNED NOT NULL DEFAULT '0',
  `comment` text CHARACTER SET utf8mb4 COLLATE utf8mb4_unicode_ci,
  `is_pinned` tinyint(1) NOT NULL DEFAULT '0',
  `created_at` timestamp NULL DEFAULT NULL,
  `updated_at` timestamp NULL DEFAULT NULL
) ENGINE=InnoDB DEFAULT CHARSET=utf8mb4 COLLATE=utf8mb4_unicode_ci;

-- --------------------------------------------------------

--
-- Table structure for table `socials`
--

CREATE TABLE `socials` (
  `id` bigint UNSIGNED NOT NULL,
  `user_id` bigint UNSIGNED NOT NULL,
  `provider` varchar(30) CHARACTER SET utf8mb4 COLLATE utf8mb4_unicode_ci NOT NULL,
  `social_id` varchar(150) CHARACTER SET utf8mb4 COLLATE utf8mb4_unicode_ci DEFAULT NULL,
  `verified_at` timestamp NULL DEFAULT NULL,
  `created_at` timestamp NULL DEFAULT NULL,
  `updated_at` timestamp NULL DEFAULT NULL
) ENGINE=InnoDB DEFAULT CHARSET=utf8mb4 COLLATE=utf8mb4_unicode_ci;

--
-- Dumping data for table `socials`
--

INSERT INTO `socials` (`id`, `user_id`, `provider`, `social_id`, `verified_at`, `created_at`, `updated_at`) VALUES
(1, 1, 'facebook', 'price.houston', '2023-04-28 15:42:16', '2023-04-28 15:42:16', '2023-04-28 15:42:16'),
(2, 1, 'github', 'rbeatty', '2023-04-28 15:42:16', '2023-04-28 15:42:16', '2023-04-28 15:42:16'),
(3, 1, 'twiter', 'mathew82', NULL, '2023-04-28 15:42:16', '2023-04-28 15:42:16'),
(4, 1, 'instagram', 'kuphal.eveline', NULL, '2023-04-28 15:42:16', '2023-04-28 15:42:16'),
(5, 1, 'dribble', 'dschmeler', NULL, '2023-04-28 15:42:16', '2023-04-28 15:42:16'),
(6, 2, 'facebook', 'tyost', '2023-04-28 15:42:16', '2023-04-28 15:42:16', '2023-04-28 15:42:16'),
(7, 2, 'github', 'alexandrine69', NULL, '2023-04-28 15:42:16', '2023-04-28 15:42:16'),
(8, 2, 'twiter', 'lehner.aletha', '2023-04-28 15:42:16', '2023-04-28 15:42:16', '2023-04-28 15:42:16'),
(9, 2, 'instagram', 'sanford.clementine', '2023-04-28 15:42:16', '2023-04-28 15:42:16', '2023-04-28 15:42:16'),
(10, 3, 'facebook', 'ankunding.shanny', NULL, '2023-04-28 15:42:16', '2023-04-28 15:42:16'),
(11, 3, 'github', 'rkoepp', '2023-04-28 15:42:16', '2023-04-28 15:42:16', '2023-04-28 15:42:16'),
(12, 3, 'twiter', 'ellie77', '2023-04-28 15:42:16', '2023-04-28 15:42:16', '2023-04-28 15:42:16'),
(13, 4, 'facebook', 'frederique18', NULL, '2023-04-28 15:42:16', '2023-04-28 15:42:16'),
(14, 4, 'twiter', 'bblock', '2023-04-28 15:42:16', '2023-04-28 15:42:16', '2023-04-28 15:42:16'),
(15, 4, 'dribble', 'kuhn.anjali', '2023-04-28 15:42:16', '2023-04-28 15:42:16', '2023-04-28 15:42:16'),
(16, 5, 'facebook', 'cruickshank.abe', NULL, '2023-04-28 15:42:16', '2023-04-28 15:42:16'),
(17, 5, 'twiter', 'hadley.wyman', '2023-04-28 15:42:16', '2023-04-28 15:42:16', '2023-04-28 15:42:16'),
(18, 5, 'instagram', 'gaetano00', '2023-04-28 15:42:16', '2023-04-28 15:42:16', '2023-04-28 15:42:16'),
(19, 6, 'facebook', 'terry.guadalupe', '2023-04-28 15:42:16', '2023-04-28 15:42:16', '2023-04-28 15:42:16'),
(20, 6, 'instagram', 'jackeline.walker', '2023-04-28 15:42:16', '2023-04-28 15:42:16', '2023-04-28 15:42:16'),
(21, 7, 'facebook', 'jamal24', NULL, '2023-04-28 15:42:16', '2023-04-28 15:42:16'),
(22, 7, 'instagram', 'skylar71', '2023-04-28 15:42:16', '2023-04-28 15:42:16', '2023-04-28 15:42:16'),
(23, 8, 'facebook', 'bauch.malvina', NULL, '2023-04-28 15:42:16', '2023-04-28 15:42:16'),
(24, 8, 'instagram', 'reese05', '2023-04-28 15:42:16', '2023-04-28 15:42:16', '2023-04-28 15:42:16'),
(25, 9, 'facebook', 'okuneva.alanna', NULL, '2023-04-28 15:42:16', '2023-04-28 15:42:16'),
(26, 9, 'github', 'paul13', NULL, '2023-04-28 15:42:16', '2023-04-28 15:42:16'),
(27, 9, 'instagram', 'uwalsh', '2023-04-28 15:42:16', '2023-04-28 15:42:16', '2023-04-28 15:42:16'),
(28, 10, 'facebook', 'bgutkowski', '2023-04-28 15:42:16', '2023-04-28 15:42:16', '2023-04-28 15:42:16'),
(29, 10, 'instagram', 'delilah.nolan', NULL, '2023-04-28 15:42:16', '2023-04-28 15:42:16'),
(30, 10, 'dribble', 'connelly.mariane', '2023-04-28 15:42:16', '2023-04-28 15:42:16', '2023-04-28 15:42:16'),
(31, 11, 'facebook', 'abagail12', NULL, '2023-04-28 15:42:16', '2023-04-28 15:42:16'),
(32, 11, 'twiter', 'cristina90', '2023-04-28 15:42:16', '2023-04-28 15:42:16', '2023-04-28 15:42:16'),
(33, 11, 'dribble', 'aylin14', '2023-04-28 15:42:16', '2023-04-28 15:42:16', '2023-04-28 15:42:16'),
(34, 12, 'facebook', 'terrance.hansen', NULL, '2023-04-28 15:42:16', '2023-04-28 15:42:16'),
(35, 13, 'facebook', 'cassie86', NULL, '2023-04-28 15:42:16', '2023-04-28 15:42:16'),
(36, 13, 'twiter', 'asporer', NULL, '2023-04-28 15:42:16', '2023-04-28 15:42:16'),
(37, 13, 'instagram', 'jasen.kris', NULL, '2023-04-28 15:42:16', '2023-04-28 15:42:16'),
(38, 14, 'facebook', 'willms.kayla', '2023-04-28 15:42:16', '2023-04-28 15:42:16', '2023-04-28 15:42:16'),
(39, 14, 'twiter', 'spinka.jason', NULL, '2023-04-28 15:42:16', '2023-04-28 15:42:16'),
(40, 14, 'dribble', 'wendell80', '2023-04-28 15:42:16', '2023-04-28 15:42:16', '2023-04-28 15:42:16'),
(41, 15, 'facebook', 'moshe25', NULL, '2023-04-28 15:42:16', '2023-04-28 15:42:16'),
(42, 15, 'instagram', 'trantow.marianne', NULL, '2023-04-28 15:42:16', '2023-04-28 15:42:16'),
(43, 16, 'facebook', 'daron26', NULL, '2023-04-28 15:42:16', '2023-04-28 15:42:16'),
(44, 16, 'github', 'emery.keeling', NULL, '2023-04-28 15:42:16', '2023-04-28 15:42:16'),
(45, 16, 'dribble', 'orobel', '2023-04-28 15:42:16', '2023-04-28 15:42:16', '2023-04-28 15:42:16'),
(46, 17, 'facebook', 'betty20', '2023-04-28 15:42:16', '2023-04-28 15:42:16', '2023-04-28 15:42:16'),
(47, 17, 'twiter', 'rprohaska', '2023-04-28 15:42:16', '2023-04-28 15:42:16', '2023-04-28 15:42:16'),
(48, 17, 'dribble', 'berneice.wilkinson', NULL, '2023-04-28 15:42:16', '2023-04-28 15:42:16'),
(49, 18, 'facebook', 'roob.alba', '2023-04-28 15:42:16', '2023-04-28 15:42:16', '2023-04-28 15:42:16'),
(50, 18, 'twiter', 'meggie49', NULL, '2023-04-28 15:42:16', '2023-04-28 15:42:16'),
(51, 19, 'facebook', 'ckemmer', '2023-04-28 15:42:16', '2023-04-28 15:42:16', '2023-04-28 15:42:16'),
(52, 19, 'instagram', 'jacobson.shirley', NULL, '2023-04-28 15:42:16', '2023-04-28 15:42:16'),
(53, 20, 'facebook', 'haag.kaci', NULL, '2023-04-28 15:42:16', '2023-04-28 15:42:16'),
(54, 20, 'twiter', 'nels28', '2023-04-28 15:42:16', '2023-04-28 15:42:16', '2023-04-28 15:42:16'),
(55, 20, 'dribble', 'tito97', NULL, '2023-04-28 15:42:16', '2023-04-28 15:42:16'),
(56, 21, 'facebook', 'marietta88', '2023-04-28 15:42:16', '2023-04-28 15:42:16', '2023-04-28 15:42:16'),
(57, 22, 'facebook', 'eryn88', '2023-04-28 15:42:16', '2023-04-28 15:42:16', '2023-04-28 15:42:16'),
(58, 22, 'github', 'icie63', '2023-04-28 15:42:16', '2023-04-28 15:42:16', '2023-04-28 15:42:16'),
(59, 23, 'facebook', 'terry.eleazar', NULL, '2023-04-28 15:42:16', '2023-04-28 15:42:16'),
(60, 23, 'github', 'graham.ulises', '2023-04-28 15:42:16', '2023-04-28 15:42:16', '2023-04-28 15:42:16'),
(61, 23, 'dribble', 'dietrich.kristian', NULL, '2023-04-28 15:42:16', '2023-04-28 15:42:16'),
(62, 24, 'facebook', 'elisha12', '2023-04-28 15:42:16', '2023-04-28 15:42:16', '2023-04-28 15:42:16'),
(63, 24, 'github', 'ycassin', '2023-04-28 15:42:16', '2023-04-28 15:42:16', '2023-04-28 15:42:16'),
(64, 24, 'instagram', 'frederik.toy', NULL, '2023-04-28 15:42:16', '2023-04-28 15:42:16'),
(65, 24, 'dribble', 'hudson.clotilde', NULL, '2023-04-28 15:42:16', '2023-04-28 15:42:16'),
(66, 25, 'facebook', 'micah.hettinger', NULL, '2023-04-28 15:42:16', '2023-04-28 15:42:16'),
(67, 25, 'twiter', 'dbatz', NULL, '2023-04-28 15:42:16', '2023-04-28 15:42:16'),
(68, 25, 'instagram', 'jessyca.schultz', '2023-04-28 15:42:16', '2023-04-28 15:42:16', '2023-04-28 15:42:16'),
(69, 25, 'dribble', 'deondre.mann', '2023-04-28 15:42:16', '2023-04-28 15:42:16', '2023-04-28 15:42:16'),
(70, 26, 'facebook', 'rosemarie.thiel', '2023-04-28 15:42:16', '2023-04-28 15:42:16', '2023-04-28 15:42:16'),
(71, 26, 'github', 'azemlak', NULL, '2023-04-28 15:42:16', '2023-04-28 15:42:16'),
(72, 26, 'twiter', 'schumm.jonathon', '2023-04-28 15:42:16', '2023-04-28 15:42:16', '2023-04-28 15:42:16'),
(73, 27, 'facebook', 'yhudson', NULL, '2023-04-28 15:42:16', '2023-04-28 15:42:16'),
(74, 27, 'github', 'mueller.perry', NULL, '2023-04-28 15:42:16', '2023-04-28 15:42:16'),
(75, 27, 'twiter', 'upaucek', NULL, '2023-04-28 15:42:16', '2023-04-28 15:42:16'),
(76, 27, 'instagram', 'maxime82', NULL, '2023-04-28 15:42:16', '2023-04-28 15:42:16'),
(77, 27, 'dribble', 'lcarroll', '2023-04-28 15:42:16', '2023-04-28 15:42:16', '2023-04-28 15:42:16'),
(78, 28, 'facebook', 'deon45', NULL, '2023-04-28 15:42:16', '2023-04-28 15:42:16'),
(79, 28, 'github', 'bschiller', NULL, '2023-04-28 15:42:16', '2023-04-28 15:42:16'),
(80, 28, 'instagram', 'marcel95', NULL, '2023-04-28 15:42:16', '2023-04-28 15:42:16'),
(81, 28, 'dribble', 'lonzo.adams', NULL, '2023-04-28 15:42:16', '2023-04-28 15:42:16'),
(82, 29, 'facebook', 'madisen.terry', '2023-04-28 15:42:16', '2023-04-28 15:42:16', '2023-04-28 15:42:16'),
(83, 29, 'twiter', 'tad.romaguera', '2023-04-28 15:42:16', '2023-04-28 15:42:16', '2023-04-28 15:42:16'),
(84, 29, 'instagram', 'norval09', NULL, '2023-04-28 15:42:16', '2023-04-28 15:42:16'),
(85, 29, 'dribble', 'grady.theresia', '2023-04-28 15:42:16', '2023-04-28 15:42:16', '2023-04-28 15:42:16'),
(86, 30, 'facebook', 'scottie56', '2023-04-28 15:42:16', '2023-04-28 15:42:16', '2023-04-28 15:42:16'),
(87, 30, 'twiter', 'garrison10', NULL, '2023-04-28 15:42:16', '2023-04-28 15:42:16'),
(88, 30, 'dribble', 'kacey14', '2023-04-28 15:42:16', '2023-04-28 15:42:16', '2023-04-28 15:42:16');

-- --------------------------------------------------------

--
-- Table structure for table `status`
--

CREATE TABLE `status` (
  `id` bigint UNSIGNED NOT NULL,
  `user_id` bigint UNSIGNED NOT NULL,
  `body` longtext CHARACTER SET utf8mb4 COLLATE utf8mb4_unicode_ci,
  `created_at` timestamp NULL DEFAULT NULL,
  `updated_at` timestamp NULL DEFAULT NULL
) ENGINE=InnoDB DEFAULT CHARSET=utf8mb4 COLLATE=utf8mb4_unicode_ci;

--
-- Dumping data for table `status`
--

INSERT INTO `status` (`id`, `user_id`, `body`, `created_at`, `updated_at`) VALUES
(3, 32, 'Testing Status Upload', '2023-06-09 18:10:46', '2023-06-09 18:10:46'),
(5, 32, 'A paragraph is a series of sentences that are organized and coherent, and are all related to a single topic. Almost every piece of writing you do that is longer than a few sentences should be organized into paragraphs.', '2023-06-09 19:17:38', '2023-06-09 19:17:38'),
(6, 1, 'OMG!!!!!!!!!!!!!!!!!!!!!', '2023-06-09 20:07:15', '2023-06-09 20:07:15'),
(7, 1, 'hello ..', '2023-06-09 22:47:36', '2023-06-10 02:32:34'),
(10, 1, 'Smart Bangladesh is a vision for a technologically advanced and sustainable nation. In recent years, Bangladesh has made remarkable progress in terms of digitization, innovation, and entrepreneurship. The government’s Digital Bangladesh initiative has helped to create a more connected and accessible society, with widespread access to mobile and internet services. Moreover, the country is gradually shifting towards renewable energy, aiming to reduce its dependence on fossil fuels and promote a greener environment. Smart cities are being developed with modern infrastructure and smart technologies, making urban living more efficient and comfortable. As a result of these efforts, Bangladesh is emerging as a hub for tech startups and a destination for foreign investment. The future of Smart Bangladesh looks promising, with a focus on leveraging technology to achieve sustainable economic growth and improve the quality of life for all its citizens.', '2023-06-10 00:05:43', '2023-06-10 00:05:43'),
(12, 1, 'Hello World', '2023-06-10 00:57:36', '2023-06-10 00:57:36'),
(13, 1, 'Hola Mango!!', '2023-06-10 01:07:28', '2023-06-10 02:34:06'),
(14, 1, 'Is It A Shoe or Not?', '2023-06-10 01:50:24', '2023-06-10 02:16:04');

-- --------------------------------------------------------

--
-- Table structure for table `status_likes`
--

CREATE TABLE `status_likes` (
  `id` bigint UNSIGNED NOT NULL,
  `user_id` bigint UNSIGNED NOT NULL,
  `status_id` bigint UNSIGNED NOT NULL,
  `created_at` timestamp NULL DEFAULT NULL,
  `updated_at` timestamp NULL DEFAULT NULL
) ENGINE=InnoDB DEFAULT CHARSET=utf8mb4 COLLATE=utf8mb4_unicode_ci;

--
-- Dumping data for table `status_likes`
--

INSERT INTO `status_likes` (`id`, `user_id`, `status_id`, `created_at`, `updated_at`) VALUES
(2, 32, 5, '2023-06-09 19:55:01', '2023-06-09 19:55:01'),
(4, 1, 5, '2023-06-09 20:06:30', '2023-06-09 20:06:30'),
(7, 32, 6, '2023-06-09 20:10:52', '2023-06-09 20:10:52'),
(8, 1, 6, '2023-06-09 20:11:04', '2023-06-09 20:11:04'),
(9, 1, 3, '2023-06-09 20:11:15', '2023-06-09 20:11:15'),
(10, 32, 3, '2023-06-09 20:15:20', '2023-06-09 20:15:20'),
(11, 1, 7, '2023-06-09 22:47:49', '2023-06-09 22:47:49'),
(14, 32, 7, '2023-06-09 23:00:49', '2023-06-09 23:00:49'),
(16, 1, 12, '2023-06-10 01:11:04', '2023-06-10 01:11:04'),
(17, 1, 13, '2023-06-10 01:11:09', '2023-06-10 01:11:09'),
(18, 1, 14, '2023-06-10 02:00:43', '2023-06-10 02:00:43'),
(19, 32, 13, '2023-06-10 02:36:42', '2023-06-10 02:36:42');

-- --------------------------------------------------------

--
-- Table structure for table `status_tags`
--

CREATE TABLE `status_tags` (
  `id` bigint UNSIGNED NOT NULL,
  `user_id` bigint UNSIGNED NOT NULL,
  `status_id` bigint UNSIGNED NOT NULL,
  `created_at` timestamp NULL DEFAULT NULL,
  `updated_at` timestamp NULL DEFAULT NULL
) ENGINE=InnoDB DEFAULT CHARSET=utf8mb4 COLLATE=utf8mb4_unicode_ci;

--
-- Dumping data for table `status_tags`
--

INSERT INTO `status_tags` (`id`, `user_id`, `status_id`, `created_at`, `updated_at`) VALUES
(1, 4, 12, '2023-06-10 00:57:36', '2023-06-10 00:57:36'),
(2, 5, 12, '2023-06-10 00:57:36', '2023-06-10 00:57:36'),
(50, 1, 14, '2023-06-10 02:29:57', '2023-06-10 02:29:57'),
(51, 4, 7, '2023-06-10 02:32:34', '2023-06-10 02:32:34'),
(55, 2, 13, '2023-06-10 02:35:04', '2023-06-10 02:35:04'),
(56, 3, 13, '2023-06-10 02:35:04', '2023-06-10 02:35:04');

-- --------------------------------------------------------

--
-- Table structure for table `users`
--

CREATE TABLE `users` (
  `id` bigint UNSIGNED NOT NULL,
  `fname` varchar(255) CHARACTER SET utf8mb4 COLLATE utf8mb4_unicode_ci NOT NULL,
  `lname` varchar(255) CHARACTER SET utf8mb4 COLLATE utf8mb4_unicode_ci NOT NULL,
  `email` varchar(255) CHARACTER SET utf8mb4 COLLATE utf8mb4_unicode_ci NOT NULL,
  `phone` varchar(255) CHARACTER SET utf8mb4 COLLATE utf8mb4_unicode_ci NOT NULL,
  `username` varchar(255) CHARACTER SET utf8mb4 COLLATE utf8mb4_unicode_ci NOT NULL,
  `email_verified_at` timestamp NULL DEFAULT NULL,
  `password` varchar(255) CHARACTER SET utf8mb4 COLLATE utf8mb4_unicode_ci NOT NULL,
  `remember_token` varchar(100) CHARACTER SET utf8mb4 COLLATE utf8mb4_unicode_ci DEFAULT NULL,
  `bio` text CHARACTER SET utf8mb4 COLLATE utf8mb4_unicode_ci,
  `total_rating` bigint DEFAULT '0',
  `rate_counter` bigint DEFAULT '0',
  `views` bigint DEFAULT '0',
  `created_at` timestamp NULL DEFAULT NULL,
  `updated_at` timestamp NULL DEFAULT NULL
) ENGINE=InnoDB DEFAULT CHARSET=utf8mb4 COLLATE=utf8mb4_unicode_ci;

--
-- Dumping data for table `users`
--

INSERT INTO `users` (`id`, `fname`, `lname`, `email`, `phone`, `username`, `email_verified_at`, `password`, `remember_token`, `bio`, `total_rating`, `rate_counter`, `views`, `created_at`, `updated_at`) VALUES
(1, 'S Islam', 'Raficcc', 'sislamrafi333@gmail.com', '01832827201', 'sislamrafi', '2023-04-28 15:42:14', '$2y$10$2cNFTfVlOHKO.IwVPubCQOLS/YyxrLuSeNhsGiZW6oThRZenmMbyC', 'e6bCIqrek1ehtz53IVLMxAW3TNvs4NnBsVDlxyNoV6HoJ1yurMCJyDSFJhs7', 'Quae deleniti aut non qui earum ex. Numquam adipisci sed pariatur. Voluptatem quas labore enim minima.', 132, 57, 4421, '2023-04-28 15:42:14', '2023-06-10 02:37:16'),
(2, 'Oswaldo', 'Keeling', 'brycen.lockman@example.com', '751-368-0212', 'vwyman', '2023-04-28 15:42:14', '$2y$10$X9axrmZu6OJBjFglLIppTeR/o1ApSskOxFsiSljb4jB9Zx33j1zbq', 'tIEMOVlPz3', 'Quia et maxime voluptate. Deserunt non iste nulla quia. Sit repellat doloremque distinctio eius magni et ipsa iste. Sunt accusamus quae nihil qui sed rem at.', 210, 65, 696, '2023-04-28 15:42:14', '2023-06-09 20:12:36'),
(3, 'Michale', 'D\'Amore', 'carson66@example.org', '380-077-3916', 'vwilliamson', '2023-04-28 15:42:14', '$2y$10$N/gm/a4c9HBjPAH4w/wOe.f8k14FQgB.jRZzbNoLhAuQS21LZqc9S', 'KyMVSbGvtl', 'Et consequatur natus occaecati dolorem odit laudantium. Ut et dolore nisi aut quis asperiores illum libero. Non voluptatem dolores aut.', 235, 61, 4441, '2023-04-28 15:42:14', '2023-04-28 15:42:14'),
(4, 'Kaylee', 'Von', 'garett.swift@example.net', '306-254-4649', 'tremblay.jayce', '2023-04-28 15:42:14', '$2y$10$nBFtGcelCTFVPGQEldV4i.5lBucH1fQzm5E9zoHzLVtIVeO1GA6aa', 'aqEUQCsWzd', 'Necessitatibus at quas rerum ipsum veniam amet corporis. Facere eligendi dolores non quia inventore. Est quod non sint provident commodi.', 198, 56, 4680, '2023-04-28 15:42:14', '2023-06-10 01:07:12'),
(5, 'Mafalda', 'Howell', 'aubree.emmerich@example.com', '592-989-5691', 'tanner.paucek', '2023-04-28 15:42:14', '$2y$10$MWsji52gzp7bToREsxc/veIuxYam7MXLWcvyDVIDH66IygkwpSyWS', 'oVkU6ZKA6X', 'Sunt nobis cumque error consectetur illo corporis. Pariatur molestiae est perspiciatis aliquam inventore eveniet minima. Cupiditate placeat expedita voluptate voluptas esse eos.', 97, 50, 1412, '2023-04-28 15:42:14', '2023-06-10 01:07:16'),
(6, 'Donny', 'Haley', 'reanna.lakin@example.com', '949-437-8811', 'rath.mireille', '2023-04-28 15:42:14', '$2y$10$8/FszkzGNW7.vM8hm2ILYOfEAybVTaUf0im9X9aeABkVBzz0Ii7OK', 'nAmn1wIJcE', 'Ex alias expedita non corporis optio eligendi. Et ex consectetur voluptas ullam qui. Molestias expedita aut sint blanditiis esse qui. Fugiat magnam sed magni consequatur et ullam dolorem.', 148, 73, 864, '2023-04-28 15:42:14', '2023-04-28 15:42:14'),
(7, 'Antonio', 'Reinger', 'ikuhlman@example.org', '524-287-2752', 'streich.juliet', '2023-04-28 15:42:14', '$2y$10$VfWjSwpROIrrLxlBKQg1k.oknR9vwKkslESzHuSHxCHw1e05BRQTy', 'wFKcdNagx6', 'Qui est aliquam recusandae et itaque. Quia adipisci consequatur quo eligendi tempore vero dignissimos non. Et veritatis velit sunt dicta rerum.', 140, 90, 746, '2023-04-28 15:42:14', '2023-04-28 15:42:14'),
(8, 'Isadore', 'Hammes', 'adriel98@example.net', '394-998-8505', 'alysson.hill', '2023-04-28 15:42:14', '$2y$10$6o6OOb/IUmtAcITSraBfFOlhRW0M61jHxgfL8kTO/S2CSx/6k.bvK', 'tzlrNLSoDZ', 'Nam aperiam magni unde aut voluptatum non nostrum. Repudiandae possimus quaerat nam quasi repellendus sit et. Ratione iste tenetur aut omnis maiores unde quae.', 144, 56, 1478, '2023-04-28 15:42:14', '2023-04-28 15:42:14'),
(9, 'Theodora', 'Kozey', 'wuckert.fay@example.net', '302-611-2872', 'lyric.swift', '2023-04-28 15:42:14', '$2y$10$biIKMZnExBvSL1Ql35BgVuQo5pONeep/GdVgxAspcwpWfIAD3VZ32', 'lZiuAJE2p9', 'Voluptatem id iusto tempore porro ipsam. Dolorem voluptatum vel eos rerum.', 199, 81, 2977, '2023-04-28 15:42:14', '2023-04-28 15:42:14'),
(10, 'Greg', 'Bauch', 'schroeder.mariam@example.net', '954-407-9802', 'bayer.jamaal', '2023-04-28 15:42:14', '$2y$10$mopm8I5TTC7DCos6IgEpre5EERueRRuriQFzbauGffDd8c8Z3dfLS', 'qAFmFIVaDs', 'Dolorem repellendus tempora id sunt ab blanditiis odit. Recusandae non facere rem distinctio sint. Sequi consequatur quis exercitationem consectetur vitae consectetur.', 94, 74, 1389, '2023-04-28 15:42:14', '2023-04-28 15:42:14'),
(11, 'Barbara', 'Murazik', 'hboyle@example.org', '213-614-0888', 'skye46', '2023-04-28 15:42:14', '$2y$10$wN2zcJpUGTsOWONg.3548uT2Icwt77WTKwVROlQbblG4AGl7nxrcW', '0UjmK08fOj', 'Sit vitae inventore magnam. Quam recusandae ea autem id nihil voluptas. Sit tenetur ea temporibus vitae ea cumque iure.', 115, 92, 4289, '2023-04-28 15:42:14', '2023-04-28 15:42:14'),
(12, 'Kenna', 'Moore', 'vicenta82@example.org', '877-633-6921', 'asha.murazik', '2023-04-28 15:42:14', '$2y$10$dFG2QDE.FlE/r5fEck0EbONdjYoCDKCDWxUnmGJ3BxWiwqF9JH06m', 'MOj7saDYoH', 'Esse impedit ea reprehenderit inventore est suscipit natus. Molestiae quaerat beatae hic dolorem natus laboriosam earum quia. Dolores est aut eum doloribus asperiores.', 231, 70, 60, '2023-04-28 15:42:15', '2023-04-28 15:42:15'),
(13, 'Arden', 'Stamm', 'mann.cleta@example.net', '911-778-1136', 'rrobel', '2023-04-28 15:42:15', '$2y$10$CHZoOZKg116sWX9tyWSF5ewcKCNq7P4Esfe2Ql.0r8LSoAXxvVYFy', 'OO1tzXrcZU', 'Iusto nihil placeat amet qui dignissimos nihil omnis. Quasi sequi molestiae possimus et et velit. Fugit laboriosam laudantium esse recusandae et animi quis.', 92, 74, 1722, '2023-04-28 15:42:15', '2023-06-09 22:49:44'),
(14, 'Elvie', 'Jacobi', 'lucienne.reynolds@example.com', '811-041-6049', 'vivien.greenfelder', '2023-04-28 15:42:15', '$2y$10$5YoyS9WiRNGUDJvUS3OgIOGS0MaNg4mr/lhzoVIMs8oHKSsJOVsf6', 'DGvFHS0LVw', 'Et mollitia vel eligendi fuga excepturi eos. Quos ut modi consequatur. Repellat saepe assumenda voluptas ad in.', 181, 84, 208, '2023-04-28 15:42:15', '2023-06-09 16:14:19'),
(15, 'Coy', 'Gleichner', 'juanita91@example.org', '822-800-9419', 'ruben81', '2023-04-28 15:42:15', '$2y$10$a6cS2PLkhXuPzfSCe7LC2ew.3Zv72l.5BBkc4KP.tqYIG6T2RD81e', 'Jz8kq7h4y6', 'Id tempora vitae facilis tenetur eius non error. Ut nulla perspiciatis amet odit.', 140, 89, 261, '2023-04-28 15:42:15', '2023-04-28 15:42:15'),
(16, 'Alicia', 'Dickinson', 'bartoletti.mavis@example.net', '282-834-3933', 'ibayer', '2023-04-28 15:42:15', '$2y$10$MCvQ9fCdkhpqqwn9ela1CuQFi2mlHynt4u7YLzC1X4g0WYShb1Z1K', '6hXPZu95iJ', 'Quae ipsa quia corporis voluptate ut aspernatur. Molestias recusandae id nihil sapiente. Magnam quas ipsam numquam voluptatem.', 114, 85, 1302, '2023-04-28 15:42:15', '2023-04-28 15:42:15'),
(17, 'Rachel', 'Eichmann', 'ybuckridge@example.com', '125-496-8644', 'mortimer34', '2023-04-28 15:42:15', '$2y$10$EFri4.iNOyqnJUhFtN2aw.CJBqU/kggsWPMR8S0JYXEAj4BHaa.8G', 'kJZS8LxOHf', 'Quidem vitae et amet odit nemo. Fugiat nostrum veritatis occaecati sit eveniet.', 244, 67, 514, '2023-04-28 15:42:15', '2023-04-28 15:42:15'),
(18, 'Breanne', 'Bartoletti', 'derick19@example.org', '213-345-6404', 'mabshire', '2023-04-28 15:42:15', '$2y$10$/zbNrE8iMe1gHiHNL2q4iuAk61fUUV.PCot2VMP8gfm2I4etfWmAG', 'bneRC5rQT2', 'Sed ut sunt inventore hic. Perspiciatis quibusdam voluptates maiores vel. Et cumque suscipit sed veniam. Ratione eligendi sunt sed rem et rem.', 124, 88, 2835, '2023-04-28 15:42:15', '2023-04-28 15:42:15'),
(19, 'Sydney', 'Mayert', 'shanelle.grant@example.org', '681-201-6848', 'frances91', '2023-04-28 15:42:15', '$2y$10$z7hIurmjoRv6KhzBXGiDvu2Cm0pHXq8ApdlCIBA90YhRqoYxFwCru', 'aikCVAITo7', 'Eius tempore voluptatum est. Voluptatum amet qui dolores eligendi vitae quia repudiandae. Vero reprehenderit commodi velit suscipit molestias.', 197, 78, 806, '2023-04-28 15:42:15', '2023-04-28 15:42:15'),
(20, 'Antwon', 'Bosco', 'louvenia50@example.net', '365-214-1793', 'dmraz', '2023-04-28 15:42:15', '$2y$10$9RtRcj0Y.YxAkw704VVc.eW3z1ZtWUz/9MgQQzWnmGKKt2bwIn0IO', '9E9LNOMPp3', 'Nisi possimus veniam dolorum ea et. Qui debitis laborum vel porro rerum id. Minima est maxime et aut maiores et.', 88, 71, 3792, '2023-04-28 15:42:15', '2023-04-28 15:42:15'),
(21, 'Lavonne', 'Schuppe', 'keyon.schneider@example.net', '627-844-2495', 'valentina.steuber', '2023-04-28 15:42:15', '$2y$10$3PDI11YC3HFpLWGKNh7asuwu5VKKuSppakzd1tIskWJzmawkdpkOS', 'oWiBzfWSyj', 'Unde consequuntur et nisi exercitationem a mollitia minus. Et sit dolorem et enim veniam et. Voluptas eum veritatis esse corrupti. Ad consequatur pariatur porro odit soluta qui.', 93, 96, 2199, '2023-04-28 15:42:15', '2023-04-28 15:42:15'),
(22, 'Neil', 'Murray', 'uwilkinson@example.org', '525-276-0754', 'markus.bosco', '2023-04-28 15:42:15', '$2y$10$O7ZtkekJsBc56V0A8kCWo.nCOlasWjvOp7pVvYiHYF0NXuIg65IQC', 'TQAl3mVUUV', 'Aut sit ut ducimus corrupti quis. Sed et minus nihil minima qui. Ea est sapiente modi quidem minima recusandae nihil qui.', 156, 51, 4231, '2023-04-28 15:42:15', '2023-04-28 15:42:15'),
(23, 'Dedrick', 'Ankunding', 'njaskolski@example.net', '091-772-8489', 'dhackett', '2023-04-28 15:42:15', '$2y$10$qk3AzR1aD7lW5RF87iit9..zr08mhjAVDebeYVlXqrK.AuubVV.CC', 'L05CbvMcwv', 'Facere repellendus dignissimos rerum ducimus iusto. Illum eveniet earum facere quidem. Animi rerum unde repellat ea.', 185, 65, 1015, '2023-04-28 15:42:15', '2023-04-28 15:42:15'),
(24, 'Sedrick', 'Kunde', 'therzog@example.org', '584-252-5625', 'margie41', '2023-04-28 15:42:15', '$2y$10$cx7/b/NL7AA1BkFsV6/3QOtmFzpVRDa1xyTgS/FeYzXDr08uhZoDe', 'KH4IFde6fY', 'Qui facilis tenetur molestiae rerum. Dolor facilis est explicabo esse.', 227, 80, 1546, '2023-04-28 15:42:15', '2023-04-28 15:42:15'),
(25, 'Anthony', 'Davis', 'vivian.bednar@example.net', '668-855-8958', 'mondricka', '2023-04-28 15:42:15', '$2y$10$iC.WYYNKUI8B7263OAmfZ.k7v8hU1rGOIp1TAqwepB2KWzVll.7VO', 'J5W2xbdJiw', 'Itaque ut voluptas laborum dolores est enim. Et mollitia voluptatem ullam harum aspernatur nihil. Aut eos recusandae nihil labore laudantium. Voluptatem recusandae qui et ea fugit.', 242, 68, 3548, '2023-04-28 15:42:15', '2023-04-28 15:42:15'),
(26, 'Willa', 'McGlynn', 'howe.jacinto@example.net', '335-447-7621', 'reichel.jamarcus', '2023-04-28 15:42:15', '$2y$10$hohxZhNoEkOOWXfsxAys2ORx5MiJaeiDIYwqT1y5GcgieviWFGWeW', 'RJ1ameb4mh', 'Voluptas tenetur odit voluptatem sunt quam. Voluptas quia quis odio. Quis sed ex nihil ut.', 99, 63, 3487, '2023-04-28 15:42:15', '2023-04-28 15:42:15'),
(27, 'Krystel', 'Bradtke', 'cortney.mitchell@example.net', '417-974-5921', 'merle.friesen', '2023-04-28 15:42:15', '$2y$10$CVk5PZ7vttxHjPLlwx5aieIHIUrAKuSy9FdIKOGquBCrA0.NaPOoW', 'efPx3MWlaM', 'Dolorem ratione et saepe qui minus. Sit sed id et incidunt enim. Omnis at quia eaque soluta delectus recusandae dolore consectetur.', 81, 78, 4911, '2023-04-28 15:42:15', '2023-04-28 15:42:15'),
(28, 'Justus', 'Wolff', 'whaag@example.com', '806-312-9577', 'andres.fritsch', '2023-04-28 15:42:15', '$2y$10$p2N63iLz6V38ITQ5k/SkzOB/EqpLQOTQW4gn/s1zNbDnbhUS2Znh.', 'nD6PDBk9jr', 'Ullam nihil dolore et mollitia voluptas. Aut qui voluptatibus voluptatem voluptatem. Itaque recusandae quis ducimus nam quis. Veniam aut eaque ipsam.', 199, 58, 3258, '2023-04-28 15:42:16', '2023-04-28 15:42:16'),
(29, 'Ryley', 'Koepp', 'xgulgowski@example.net', '328-416-6192', 'tbins', '2023-04-28 15:42:16', '$2y$10$vUa/e9EE9mTWXoFsZWjH9.u1ZqwFQtYYfzy7rKBoADRqW86of4XRW', 'XgmiuD4M0P', 'Et veniam illo ipsam repudiandae. Expedita nemo occaecati eum asperiores rerum. Est alias impedit voluptas ea pariatur.', 180, 90, 173, '2023-04-28 15:42:16', '2023-04-28 15:42:16'),
(30, 'Melvin', 'Pouros', 'braun.ottis@example.org', '819-172-0610', 'lane.lind', '2023-04-28 15:42:16', '$2y$10$AP5PVikaeW416R8VbapiHuhpILuo6NKSJjkpuXDMqjPzwYwo7PZwG', '0031uILb5m', 'Ea amet delectus voluptate minima assumenda. Qui quibusdam quas eum voluptas exercitationem rem. Delectus harum sunt dolore ad inventore blanditiis animi. Qui molestiae minus ut ea.', 173, 56, 1762, '2023-04-28 15:42:16', '2023-06-09 16:16:13'),
(31, 'Mulla', 'Khan', 'ppp@gmail.com', '01546544', 'polo123', NULL, '$2y$10$0JxLRKVD3t8ghKJI7rvShuhpXYGQcxOT0Xh0P5zCm6SBSofczZSee', NULL, NULL, 0, 0, 1, '2023-06-09 16:44:26', '2023-06-09 17:07:33'),
(32, 'Mulla', 'Khan', 'ppp4@gmail.com', '0154654445', 'polo1234', NULL, '$2y$10$SPj.8hFhA0Ype/4cCmKb5.9mopqbFQSR7fyOOi1JOCEQvHSJX07/6', NULL, 'ho', 0, 0, 4, '2023-06-09 16:47:22', '2023-06-09 22:49:21');

-- --------------------------------------------------------

--
-- Table structure for table `variables`
--

CREATE TABLE `variables` (
  `id` bigint UNSIGNED NOT NULL,
  `name` varchar(30) CHARACTER SET utf8mb4 COLLATE utf8mb4_unicode_ci NOT NULL COMMENT 'variable name',
  `value` text CHARACTER SET utf8mb4 COLLATE utf8mb4_unicode_ci NOT NULL,
  `created_at` timestamp NULL DEFAULT NULL,
  `updated_at` timestamp NULL DEFAULT NULL
) ENGINE=InnoDB DEFAULT CHARSET=utf8mb4 COLLATE=utf8mb4_unicode_ci;

--
-- Dumping data for table `variables`
--

INSERT INTO `variables` (`id`, `name`, `value`, `created_at`, `updated_at`) VALUES
(1, 'provider_map', '{\"facebook\":{\"provider\":\"Social\",\"link\":\"https:\\/\\/www.facebook.com\",\"icon\":\"fa-facebook\",\"href\":null},\"twiter\":{\"provider\":\"Social\",\"link\":\"https:\\/\\/www.twiter.com\",\"icon\":\"fa-twitter \",\"href\":null},\"instagram\":{\"provider\":\"Social\",\"link\":\"https:\\/\\/www.instagram.com\",\"icon\":\"fa-instagram\",\"href\":null},\"whatsapp\":{\"provider\":\"Social\",\"link\":\"https:\\/\\/www.whatsapp.com\",\"icon\":\"fa-whatsapp\",\"href\":null},\"website\":{\"provider\":\"Social\",\"link\":null,\"icon\":\"fa-globe\",\"href\":\"\"},\"github\":{\"provider\":\"Social\",\"link\":\"https:\\/\\/www.github.com\",\"icon\":\"fa-git\",\"href\":null},\"email\":{\"provider\":\"User\",\"link\":\"https:\\/\\/www.instagram.com\",\"icon\":\"fa-envelope-o\",\"href\":\"mailto:\"},\"phone\":{\"provider\":\"User\",\"link\":null,\"icon\":\"fa-phone\",\"href\":\"tel:\"}}', '2023-04-28 15:42:16', '2023-04-28 15:42:16');

--
-- Indexes for dumped tables
--

--
-- Indexes for table `cards`
--
ALTER TABLE `cards`
  ADD PRIMARY KEY (`id`),
  ADD KEY `cards_user_id_foreign` (`user_id`);

--
-- Indexes for table `comments`
--
ALTER TABLE `comments`
  ADD PRIMARY KEY (`id`),
  ADD KEY `comments_user_id_foreign` (`user_id`),
  ADD KEY `comments_status_id_foreign` (`status_id`);

--
-- Indexes for table `failed_jobs`
--
ALTER TABLE `failed_jobs`
  ADD PRIMARY KEY (`id`),
  ADD UNIQUE KEY `failed_jobs_uuid_unique` (`uuid`);

--
-- Indexes for table `favourites`
--
ALTER TABLE `favourites`
  ADD PRIMARY KEY (`user_id`,`card_id`),
  ADD KEY `favourites_card_id_foreign` (`card_id`);

--
-- Indexes for table `follows`
--
ALTER TABLE `follows`
  ADD PRIMARY KEY (`card_id`,`follow_id`),
  ADD KEY `follows_follow_id_foreign` (`follow_id`);

--
-- Indexes for table `images`
--
ALTER TABLE `images`
  ADD PRIMARY KEY (`id`);

--
-- Indexes for table `migrations`
--
ALTER TABLE `migrations`
  ADD PRIMARY KEY (`id`);

--
-- Indexes for table `oauth_access_tokens`
--
ALTER TABLE `oauth_access_tokens`
  ADD PRIMARY KEY (`id`),
  ADD KEY `oauth_access_tokens_user_id_index` (`user_id`);

--
-- Indexes for table `oauth_auth_codes`
--
ALTER TABLE `oauth_auth_codes`
  ADD PRIMARY KEY (`id`),
  ADD KEY `oauth_auth_codes_user_id_index` (`user_id`);

--
-- Indexes for table `oauth_clients`
--
ALTER TABLE `oauth_clients`
  ADD PRIMARY KEY (`id`),
  ADD KEY `oauth_clients_user_id_index` (`user_id`);

--
-- Indexes for table `oauth_personal_access_clients`
--
ALTER TABLE `oauth_personal_access_clients`
  ADD PRIMARY KEY (`id`);

--
-- Indexes for table `oauth_refresh_tokens`
--
ALTER TABLE `oauth_refresh_tokens`
  ADD PRIMARY KEY (`id`),
  ADD KEY `oauth_refresh_tokens_access_token_id_index` (`access_token_id`);

--
-- Indexes for table `password_resets`
--
ALTER TABLE `password_resets`
  ADD KEY `password_resets_email_index` (`email`);

--
-- Indexes for table `password_reset_tokens`
--
ALTER TABLE `password_reset_tokens`
  ADD PRIMARY KEY (`email`);

--
-- Indexes for table `personal_access_tokens`
--
ALTER TABLE `personal_access_tokens`
  ADD PRIMARY KEY (`id`),
  ADD UNIQUE KEY `personal_access_tokens_token_unique` (`token`),
  ADD KEY `personal_access_tokens_tokenable_type_tokenable_id_index` (`tokenable_type`,`tokenable_id`);

--
-- Indexes for table `ratings`
--
ALTER TABLE `ratings`
  ADD PRIMARY KEY (`id`),
  ADD KEY `ratings_from_id_foreign` (`from_id`),
  ADD KEY `ratings_to_id_foreign` (`to_id`);

--
-- Indexes for table `socials`
--
ALTER TABLE `socials`
  ADD PRIMARY KEY (`id`),
  ADD KEY `socials_user_id_foreign` (`user_id`);

--
-- Indexes for table `status`
--
ALTER TABLE `status`
  ADD PRIMARY KEY (`id`),
  ADD KEY `status_user_id_foreign` (`user_id`);

--
-- Indexes for table `status_likes`
--
ALTER TABLE `status_likes`
  ADD PRIMARY KEY (`id`),
  ADD KEY `status_likes_user_id_foreign` (`user_id`),
  ADD KEY `status_likes_status_id_foreign` (`status_id`);

--
-- Indexes for table `status_tags`
--
ALTER TABLE `status_tags`
  ADD PRIMARY KEY (`id`),
  ADD KEY `status_tags_user_id_foreign` (`user_id`),
  ADD KEY `status_tags_status_id_foreign` (`status_id`);

--
-- Indexes for table `users`
--
ALTER TABLE `users`
  ADD PRIMARY KEY (`id`),
  ADD UNIQUE KEY `users_email_unique` (`email`),
  ADD UNIQUE KEY `users_phone_unique` (`phone`),
  ADD UNIQUE KEY `users_username_unique` (`username`);

--
-- Indexes for table `variables`
--
ALTER TABLE `variables`
  ADD PRIMARY KEY (`id`);

--
-- AUTO_INCREMENT for dumped tables
--

--
-- AUTO_INCREMENT for table `cards`
--
ALTER TABLE `cards`
  MODIFY `id` bigint UNSIGNED NOT NULL AUTO_INCREMENT;

--
-- AUTO_INCREMENT for table `comments`
--
ALTER TABLE `comments`
  MODIFY `id` bigint UNSIGNED NOT NULL AUTO_INCREMENT, AUTO_INCREMENT=11;

--
-- AUTO_INCREMENT for table `failed_jobs`
--
ALTER TABLE `failed_jobs`
  MODIFY `id` bigint UNSIGNED NOT NULL AUTO_INCREMENT;

--
-- AUTO_INCREMENT for table `images`
--
ALTER TABLE `images`
  MODIFY `id` bigint UNSIGNED NOT NULL AUTO_INCREMENT, AUTO_INCREMENT=8;

--
-- AUTO_INCREMENT for table `migrations`
--
ALTER TABLE `migrations`
  MODIFY `id` int UNSIGNED NOT NULL AUTO_INCREMENT, AUTO_INCREMENT=23;

--
-- AUTO_INCREMENT for table `oauth_clients`
--
ALTER TABLE `oauth_clients`
  MODIFY `id` bigint UNSIGNED NOT NULL AUTO_INCREMENT;

--
-- AUTO_INCREMENT for table `oauth_personal_access_clients`
--
ALTER TABLE `oauth_personal_access_clients`
  MODIFY `id` bigint UNSIGNED NOT NULL AUTO_INCREMENT;

--
-- AUTO_INCREMENT for table `personal_access_tokens`
--
ALTER TABLE `personal_access_tokens`
  MODIFY `id` bigint UNSIGNED NOT NULL AUTO_INCREMENT;

--
-- AUTO_INCREMENT for table `ratings`
--
ALTER TABLE `ratings`
  MODIFY `id` bigint UNSIGNED NOT NULL AUTO_INCREMENT;

--
-- AUTO_INCREMENT for table `socials`
--
ALTER TABLE `socials`
  MODIFY `id` bigint UNSIGNED NOT NULL AUTO_INCREMENT, AUTO_INCREMENT=89;

--
-- AUTO_INCREMENT for table `status`
--
ALTER TABLE `status`
  MODIFY `id` bigint UNSIGNED NOT NULL AUTO_INCREMENT, AUTO_INCREMENT=15;

--
-- AUTO_INCREMENT for table `status_likes`
--
ALTER TABLE `status_likes`
  MODIFY `id` bigint UNSIGNED NOT NULL AUTO_INCREMENT, AUTO_INCREMENT=20;

--
-- AUTO_INCREMENT for table `status_tags`
--
ALTER TABLE `status_tags`
  MODIFY `id` bigint UNSIGNED NOT NULL AUTO_INCREMENT, AUTO_INCREMENT=57;

--
-- AUTO_INCREMENT for table `users`
--
ALTER TABLE `users`
  MODIFY `id` bigint UNSIGNED NOT NULL AUTO_INCREMENT, AUTO_INCREMENT=33;

--
-- AUTO_INCREMENT for table `variables`
--
ALTER TABLE `variables`
  MODIFY `id` bigint UNSIGNED NOT NULL AUTO_INCREMENT, AUTO_INCREMENT=2;

--
-- Constraints for dumped tables
--

--
-- Constraints for table `cards`
--
ALTER TABLE `cards`
  ADD CONSTRAINT `cards_user_id_foreign` FOREIGN KEY (`user_id`) REFERENCES `users` (`id`) ON DELETE CASCADE;

--
-- Constraints for table `comments`
--
ALTER TABLE `comments`
  ADD CONSTRAINT `comments_status_id_foreign` FOREIGN KEY (`status_id`) REFERENCES `status` (`id`) ON DELETE CASCADE,
  ADD CONSTRAINT `comments_user_id_foreign` FOREIGN KEY (`user_id`) REFERENCES `users` (`id`) ON DELETE CASCADE;

--
-- Constraints for table `favourites`
--
ALTER TABLE `favourites`
  ADD CONSTRAINT `favourites_card_id_foreign` FOREIGN KEY (`card_id`) REFERENCES `cards` (`id`) ON DELETE CASCADE,
  ADD CONSTRAINT `favourites_user_id_foreign` FOREIGN KEY (`user_id`) REFERENCES `users` (`id`) ON DELETE CASCADE;

--
-- Constraints for table `follows`
--
ALTER TABLE `follows`
  ADD CONSTRAINT `follows_card_id_foreign` FOREIGN KEY (`card_id`) REFERENCES `cards` (`id`) ON DELETE CASCADE,
  ADD CONSTRAINT `follows_follow_id_foreign` FOREIGN KEY (`follow_id`) REFERENCES `users` (`id`) ON DELETE CASCADE;

--
-- Constraints for table `ratings`
--
ALTER TABLE `ratings`
  ADD CONSTRAINT `ratings_from_id_foreign` FOREIGN KEY (`from_id`) REFERENCES `users` (`id`) ON DELETE CASCADE,
  ADD CONSTRAINT `ratings_to_id_foreign` FOREIGN KEY (`to_id`) REFERENCES `cards` (`id`) ON DELETE CASCADE;

--
-- Constraints for table `socials`
--
ALTER TABLE `socials`
  ADD CONSTRAINT `socials_user_id_foreign` FOREIGN KEY (`user_id`) REFERENCES `users` (`id`) ON DELETE CASCADE;

--
-- Constraints for table `status`
--
ALTER TABLE `status`
  ADD CONSTRAINT `status_user_id_foreign` FOREIGN KEY (`user_id`) REFERENCES `users` (`id`) ON DELETE CASCADE;

--
-- Constraints for table `status_likes`
--
ALTER TABLE `status_likes`
  ADD CONSTRAINT `status_likes_status_id_foreign` FOREIGN KEY (`status_id`) REFERENCES `status` (`id`) ON DELETE CASCADE,
  ADD CONSTRAINT `status_likes_user_id_foreign` FOREIGN KEY (`user_id`) REFERENCES `users` (`id`) ON DELETE CASCADE;

--
-- Constraints for table `status_tags`
--
ALTER TABLE `status_tags`
  ADD CONSTRAINT `status_tags_status_id_foreign` FOREIGN KEY (`status_id`) REFERENCES `status` (`id`) ON DELETE CASCADE,
  ADD CONSTRAINT `status_tags_user_id_foreign` FOREIGN KEY (`user_id`) REFERENCES `users` (`id`) ON DELETE CASCADE;
COMMIT;

/*!40101 SET CHARACTER_SET_CLIENT=@OLD_CHARACTER_SET_CLIENT */;
/*!40101 SET CHARACTER_SET_RESULTS=@OLD_CHARACTER_SET_RESULTS */;
/*!40101 SET COLLATION_CONNECTION=@OLD_COLLATION_CONNECTION */;
